identifiant,week_day,date,time,type_event,phase,location,country,total_occupants,total_fatalities,aircraft_damage,aircraft_fate,type_aircraft,number_engines,type_engines,first_flight,cycles,total_airframe_hours,registration,c_n_msn,operator,nature,flight_number,departure_airport_name,departure_airport_IATA,departure_airport_ICAO,departure_airport_country,destination_airport_name,destination_airport_IATA,destination_airport_ICAO,destination_airport_country,crew_number,passengers_number,crew_fatalities,passengers_fatalities,collision_casualties,ground_casualties,status
19689999-1,-,xx-xxx-1968,-,U1, Unknown (UNK),"Rio de Janeiro-Santos Dumont Airport, RJ (SDU)",Brazil,-,-, Damaged beyond repair,-,Curtiss TC-46A,-,-,1944,-,-, PP-NME, 30418,VASP,Unknown,-,-,-,-,-,-,-,-,-,-,-,-,-,-,-,-
19689999-3,-,xx-xxx-1968,-,A1, Landing (LDG),Paramaribo-Zanderij International Airport (PBM),Suriname,-,0, Damaged beyond repair,-,Lockheed L-1649A Starliner,-,-,1957,-,-, N7324C, 1030,Six-T Ranch Corp.,Illegal Flight,-,Paramaribo-Zanderij International Airport,PBM,SMJP,Suriname,-,-,-,-,-,-,0,0,-,-,-
19689999-4,-,XX-XXX-1968,-,A1, Unknown (UNK),at an unknown location,Unknown country,-,-, Damaged beyond repair,-,Antonov An-2M,-,-,-,-,-, 636, 1G36-36,Polish AF,Military,-,-,-,-,-,-,-,-,-,-,-,-,-,-,-,-
19689999-5,-,xx-xxx-1968,-,A1, Initial climb (ICL),off San Andrés Island Airport (ADZ),Colombia,-,-, Damaged beyond repair,-,Curtiss C-46D-10-CU Commando,-,-,1945,-,-, HK-682, 33226,Aeropesca Colombia,Unknown,-,San Andrés Island Airport,ADZ,SKSP,Colombia,-,-,-,-,-,-,-,-,-,-,-
19680426-0,Friday,26-APR-1968,-,C1, Maneuvering (MNV),32 km (20 mls) SW of Hue,Vietnam,8,8, Damaged beyond repair,-,Lockheed C-130B Hercules,4,Allison T56-A-7,1961,-,-, 60-0298, 3602,USAF,Military,-,Saigon-Tan Son Nhat International Airport,SGN,VVTS,Vietnam,Saigon-Tan Son Nhat International Airport,SGN,VVTS,Vietnam,8,0,8,0,-,-,-
19680428-0,Sunday,28-APR-1968,05:23,A1, Approach (APR),"Atlantic City International Airport, NJ (ACY)",United States of America,4,0, Damaged beyond repair,-,Douglas DC-8-31,4,Pratt & Whitney JT4A-,1960,-,-, N1802, 45277/94,Capitol Airways,Training,-,Atlantic City International Airport,ACY,KACY,United States of America,Atlantic City International Airport,ACY,KACY,United States of America,4,0,0,0,-,-,Final
19680430-0,Tuesday,30-APR-1968,-,A1, En route (ENR),near Islamabad-Chaklala Air Base (ISB),Pakistan,22,22, Damaged beyond repair,-,Lockheed L-100 Hercules,4,Allison 501-D22,1966,-,-, 64145, 4145,Pakistan AF,Military,-,-,-,-,-,-,-,-,-,-,-,-,-,-,-,-
19680501-1,Wednesday,01-MAY-1968,13:30,A2, En route (ENR),Tumaco,Colombia,26,0, Substantial, Repaired,Douglas C-47 (DC-3),-,-,-,-,-, FAC-669,-,Colombian AF,Military,-,-,-,-,-,-,-,-,-,-,-,0,0,-,-,-
19680503-0,Friday,03-MAY-1968,16:48,A1, En route (ENR),"1,6 km (1 mls) E of Dawson, TX",United States of America,85,85, Destroyed, Written off (damaged beyond repair),Lockheed L-188A Electra,4,Allison 501-D13A,1959,-,20958.0, N9707C, 1099,Braniff Airways,Domestic Scheduled Passenger, 352,Houston-William P. Hobby Airport,HOU,KHOU,United States of America,Dallas-Love Field,DAL,KDAL,United States of America,5,80,5,80,-,-,Final
19680504-0,Saturday,04-MAY-1968,16:15,A1, Approach (APR),"Paisano Ranch, TX",United States of America,2,2, Damaged beyond repair,-,Fairchild F-27F,-,-,1967,-,-, N27W, 123,Eastex Inc,Executive,-,-,-,-,-,-,-,-,-,2,0,2,0,-,-,Final
19680504-1,Saturday,04-MAY-1968,-,A1, Landing (LDG),Southend Municipal Airport (SEN),United Kingdom,83,0, Damaged beyond repair,-,Vickers 812 Viscount,-,-,1958,-,-, G-APPU, 364,Channel Airways,Scheduled Passenger,-,-,-,-,-,Southend Municipal Airport,SEN,EGMC,United Kingdom,4,79,0,0,-,-,-
19680504-2,Saturday,04-MAY-1968,-,C1, En route (ENR),Pleiku Airport (PXU),Vietnam,6,6, Damaged beyond repair,-,Douglas AC-47D Spooky,2,Pratt & Whitney R-1830-90,1944,-,-, 43-16159, 20625,USAF,Military,-,-,-,-,-,-,-,-,-,6,0,6,0,-,-,-
19680504-3,Saturday,04-MAY-1968,-,C1, En route (ENR),Pleiku Airport (PXU),Vietnam,8,3, Damaged beyond repair,-,Douglas AC-47D Spooky,2,Pratt & Whitney R-1830-90,1945,-,-, 43-76207, 32539/15791,USAF,Military,-,-,-,-,-,-,-,-,-,8,0,3,0,-,-,-
19680507-0,Tuesday,07-MAY-1968,-,A1, Landing (LDG),Got el Afraq,Libya,11,11, Damaged beyond repair,-,Armstrong Whitworth AW-660 Argosy C.1,-,-,1963,-,-, XR133, 6788,RAF,Military,-,-,-,-,-,-,-,-,-,5,6,5,6,-,-,-
19680507-1,Tuesday,07-MAY-1968,-,A1, Takeoff (TOF),"2,8 km (1.8 mls) NW of Camp Evans",Vietnam,5,0, Damaged beyond repair,-,de Havilland Canada C-7B Caribou (DHC-4),-,-,1963,-,-, 62-4176, 117,USAF,Military,-,-,-,-,-,-,-,-,-,5,0,0,0,-,-,-
19680509-1,Thursday,09-MAY-1968,-,A1, Landing (LDG),Davao-Mati Airport (DVO),Philippines,-,0, Damaged beyond repair,-,Fairchild F-27,-,-,1958,-,-, PI-C873,   8,Air Manila Int.,Unknown,-,-,-,-,-,Davao-Mati Airport,DVO,RPMD,Philippines,-,-,0,0,-,-,-
19680510-0,Friday,10-MAY-1968,-,A1, Unknown (UNK),Lourenço Marques Airport (MPM),Portugal,-,-, Damaged beyond repair,-,Douglas C-47D (DC-3),-,-,1944,-,-, 6165, 26667/15222,Portuguese AF,Military,-,-,-,-,-,-,-,-,-,-,-,-,-,-,-,-
19680511-0,Saturday,11-MAY-1968,-,A1, En route (ENR),near Saharanpur-Sarasawa Air Base,India,2,2, Destroyed, Written off (damaged beyond repair),de Havilland Canada DHC-3 Otter,-,-,1958,-,3256.0, IM-1719, 220,Indian AF,Military,-,-,-,-,-,-,-,-,-,2,0,2,0,-,-,-
19680511-1,Saturday,11-MAY-1968,-,A1, Unknown (UNK),"Mizo Hills, Mizoram State",India,5,5, Damaged beyond repair,-,Douglas C-47 (DC-3),-,-,-,-,-, registration unknown,-,Indian AF,Military,-,-,-,-,-,-,-,-,-,-,-,-,-,-,-,-
19680512-0,Sunday,12-MAY-1968,-,C1, Approach (APR),Kham Duc,Vietnam,5,0, Damaged beyond repair,-,Lockheed C-130A Hercules,-,-,1958,-,-, 56-0548, 3156,USAF,Military,-,-,-,-,-,-,-,-,-,5,0,0,0,-,-,-
19680512-1,Sunday,12-MAY-1968,16:00,C1, Initial climb (ICL),Kham Duc,Vietnam,155,155, Destroyed, Written off (damaged beyond repair),Lockheed C-130B Hercules,4,Allison T56-A-7,1961,-,-, 60-0297, 3600,USAF,Military,-,-,-,-,-,-,-,-,-,6,149,6,149,-,-,-
19680515-0,Wednesday,15-MAY-1968,-,A1, Landing (LDG),Chu Lai Air Base (VCL),Vietnam,7,0, Damaged beyond repair,-,Lockheed C-130E Hercules,-,-,1964,-,-, 63-7875, 3945,USAF,Military,-,-,-,-,-,Chu Lai Air Base,VCL,VVCL,Vietnam,7,0,0,0,-,-,-
19680516-0,Thursday,16-MAY-1968,-,A1, Standing (STD),Macuma,Ecuador,6,0, Damaged beyond repair,-,Lockheed L-100 Hercules,4,Allison 501-D22,1966,-,-, N9267R, 4146,AREA Ecuador,Cargo,-,-,-,-,-,-,-,-,-,6,0,0,0,-,-,-
19680516-1,Thursday,16-MAY-1968,15:45,A1, En route (ENR),"1,5 km (0.9 mls) NW of Maryinka, Dankov district of the Lipetsk region",Russia,1,1, Damaged beyond repair,-,Antonov An-2M,-,-,1966,2873.0,861.0, CCCP-05977, 6 009 19,Aeroflot,Agricultural,-,-,-,-,-,-,-,-,-,1,0,1,0,-,-,-
19680519-0,Sunday,19-MAY-1968,19:10,A1, Maneuvering (MNV),"near Tenginskaya, Ust'-Labinsk district of the Krasnodar region",Russia,2,2, Damaged beyond repair,-,Antonov An-2R,-,-,1964,13602.0,2930.0, CCCP-45228, 1G44-17,Aeroflot / North Kavkaz,Agricultural,-,-,-,-,-,-,-,-,-,2,0,2,0,-,-,-
19680522-0,Wednesday,22-MAY-1968,-,C1, En route (ENR),near Muang Nong,Laos,9,9, Damaged beyond repair,-,Lockheed C-130A Hercules,-,-,1957,-,-, 56-0477, 3085,USAF,Military,-,Ubon Ratchathani RTAFB,UBP,VTUU,Thailand,Ubon Ratchathani RTAFB,UBP,VTUU,Thailand,9,0,9,0,-,-,-
19680522-1,Wednesday,22-MAY-1968,-,A1, Approach (APR),"1 km (0.6 mls) from  Bedford-Hanscom AFB, MA (BED)",United States of America,3,0, Damaged beyond repair,-,Douglas VC-54G (DC-4),-,-,1945,-,-, 45-585, 36038,USAF,Military,-,Camp Springs-Andrews AFB,ADW,KADW,United States of America,Bedford-Hanscom Field,BED,KBED,United States of America,3,0,0,0,-,-,-
19680523-0,Thursday,23-MAY-1968,-,C1, En route (ENR),2 km (1.3 mls) off  Xom Rach Goc,Vietnam,3,3, Damaged beyond repair,-,Fairchild UC-123K Provider,-,-,-,-,-, 54-0588, 20037,USAF,Military,-,-,-,-,-,-,-,-,-,3,0,3,0,-,-,-
19680523-1,Thursday,23-MAY-1968,-,A1, Landing (LDG),Na Khang Airstrip,Laos,-,0, Damaged beyond repair,-,Fairchild C-123B-8-FA Provider,-,-,-,-,-, 655, 20104,Air America,Military,-,Vientiane-Wattay Airport,VTE,VLVT,Laos,-,-,-,-,-,-,0,0,-,-,-
19680528-0,Tuesday,28-MAY-1968,02:44,A1, En route (ENR),37 km (23.1 mls) N of Mumbai Airport (BOM),India,29,29, Damaged beyond repair,-,Convair CV-990-30A-5 Coronado,4,General Electric CJ805-23,-,-,-, PK-GJA, 30-10-3,Garuda,International Scheduled Passenger,-,Bombay-Santacruz Airport,BOM,VABB,India,Karachi International Airport,KHI,OPKC,Pakistan,14,15,14,15,-,1,-
19680528-1,Tuesday,28-MAY-1968,06:30,A1, Maneuvering (MNV),"2 km (1.3 mls) NW of Slobodovka, Shevchenkovo district, Kharkov region",Ukraine,2,2, Damaged beyond repair,-,Antonov An-2R,-,-,1964,12438.0,3211.0, CCCP-45209, 1G40-38,Aeroflot / Ukraine,Agricultural,-,-,-,-,-,-,-,-,-,2,0,2,0,-,-,-
19680528-2,Tuesday,28-MAY-1968,-,A1, Landing (LDG),off Gdansk,Poland,-,-, Damaged beyond repair,-,Antonov An-2M,-,-,1963,-,-, 636, 1G36-36,Polish Navy,Military,-,-,-,-,-,-,-,-,-,-,-,-,-,-,-,-
19680529-0,Wednesday,29-MAY-1968,-,C1, Approach (APR),Dak To,Vietnam,25,0, Damaged beyond repair,-,de Havilland Canada C-7B Caribou (DHC-4),-,-,1963,-,-, 62-4189, 132,USAF,Military,-,-,-,-,-,-,-,-,-,3,22,0,0,-,-,-
19680530-0,Thursday,30-MAY-1968,05:50,A1, Maneuvering (MNV),"Novo-Zolotovski farm, Semikarakorsk district, Rostov region",Russia,2,1, Damaged beyond repair,-,Antonov An-2M,-,-,1967,3126.0,759.0, CCCP-05989, 6 010 11,Aeroflot / North Kavkaz,Agricultural,-,-,-,-,-,-,-,-,-,1,1,0,1,-,-,-
19680603-0,Monday,03-JUN-1968,-,A1, En route (ENR),near Tainan,Taiwan,-,13, Damaged beyond repair,-,Curtiss C-46 Commando,-,-,-,-,-, 6185,-,Republic of China AF,Military,-,Taichung-Ching Chuan Kang Airport,RMQ,RCMQ,Taiwan,-,-,-,-,-,-,-,-,-,-,-
19680603-1,Monday,03-JUN-1968,-,O1, Standing (STD),Bissau Airport (OXB),Guinea-Bissau,0,0, Damaged beyond repair,-,Lockheed L-1049H Super Constellation,-,-,1954,-,-, 5T-TAC, 4166,North American Aircraft Trading,Cargo,-,-,-,-,-,-,-,-,-,0,0,0,0,-,-,-
19680607-0,Friday,07-JUN-1968,17:30,A1, Landing (LDG),Isla del Frontón,Mexico,10,0, Damaged beyond repair,-,Douglas C-53 (DC-3),-,-,1942,-,-, N74139, 4930,Aerodyne Engineering,Executive,-,-,-,-,-,-,-,-,-,2,8,0,0,-,-,-
19680610-0,Monday,10-JUN-1968,-,A1, Landing (LDG),Stradishall,United Kingdom,-,0, Damaged beyond repair,-,Vickers Varsity T.1,2,Bristol Hercules 264,1953,-,-, WL677,-,RAF,Military,-,-,-,-,-,-,-,-,-,-,-,0,0,-,-,-
19680612-0,Wednesday,12-JUN-1968,07:19,A2, En route (ENR),"near Denver, CO",United States of America,62,0, Minor, Repaired,Boeing 727-22,3,Pratt & Whitney JT8D-7B,1967,-,-, N7086U, 19150/485,United Airlines,Domestic Scheduled Passenger,-,Salt Lake City International Airport,SLC,KSLC,United States of America,Denver-Stapleton International Airport,DEN,KDEN,United States of America,7,55,0,0,-,-,-
19680612-1,Wednesday,12-JUN-1968,-,A1, Approach (APR),"near Resolute Airport, NU (YRB)",Canada,12,0, Damaged beyond repair,-,Fairchild F-27J,-,-,1965,-,-, CF-GND, 113,Great Northern Airways,Domestic Non Scheduled Passenger,-,Yellowknife Airport,YZF,CYZF,Canada,-,-,-,-,3,9,0,0,-,-,-
19680613-0,Thursday,13-JUN-1968,00:58,A1, Approach (APR),1 km (0.6 mls) from  Calcutta-Dum Dum Airport (CCU),India,63,6, Damaged beyond repair,-,Boeing 707-321C,4,Pratt & Whitney JT3D-3B,1964,-,-, N798PA, 18790/394,Pan Am,International Scheduled Passenger,PA001,Bangkok-Don Muang International Airport,BKK,VTBD,Thailand,Calcutta-Dum Dum Airport,CCU,VECC,India,10,53,1,5,-,-,-
19680618-0,Tuesday,18-JUN-1968,16:50,A1, Approach (APR),ca 4 km W of San Sebastián-Fuenterrabia Airport (EAS),Spain,6,6, Damaged beyond repair,-,Piaggio PD.808,-,-,-,-,-, I-PIAI, 503,Piaggio,Demonstration,-,Madrid-Barajas Airport,MAD,LEMD,Spain,San Sebastián-Fuenterrabia Airport,EAS,LESO,Spain,1,5,1,5,-,-,-
19680619-0,Wednesday,19-JUN-1968,-,H2, En route (ENR),Santiago-Antonio Maceo Airport (SCU),Cuba,81,0, None,-,McDonnell Douglas DC-9,-,-,-,-,-, registration unknown,-,VIASA,International Scheduled Passenger,-,Santo Domingo-Las Américas International Airport,SDQ,MDSD,Dominican Republic,Curaçao-Dr. Albert Plesman Airport,CUR,TNCC,Curaçao,-,-,0,0,-,-,-
19680625-0,Tuesday,25-JUN-1968,14:15,C1, Unknown (UNK),Tay Ninh,Vietnam,5,0, Damaged beyond repair,-,Lockheed C-130E Hercules,-,-,1963,-,-, 62-1861, 3825,USAF,Military,-,-,-,-,-,-,-,-,-,5,0,0,0,-,-,-
19680625-1,Tuesday,25-JUN-1968,-,A1, Landing (LDG),within South Vietnam,Vietnam,4,0, Damaged beyond repair,-,Fairchild C-123K Provider,-,-,-,-,-, 54-0595, 20044,USAF,Military,-,-,-,-,-,-,-,-,-,4,0,0,0,-,-,-
19680629-0,Saturday,29-JUN-1968,02:20,O1, Standing (STD),Amsterdam-Schiphol Airport (AMS),Netherlands,0,0, Destroyed, Written off (damaged beyond repair),Douglas DC-8-53,4,Pratt & Whitney JT3D-,1960,-,-, PH-DCH, 45383/120,KLM,-,-,-,-,-,-,-,-,-,-,0,0,0,0,-,-,-
19680629-1,Saturday,29-JUN-1968,-,H2, Unknown (UNK),at an unknown location,Cuba,17,0, Unknown,-,Douglas DC-3,-,-,-,-,-, registration unknown,-,Southeast Airlines,Domestic Scheduled Passenger, 101,Miami International Airport,MIA,KMIA,United States of America,Key West International Airport,EYW,KEYW,United States of America,-,-,0,0,-,-,-
19680701-0,Monday,01-JUL-1968,-,A1, Landing (LDG),Uli Airstrip,Nigeria,4,4, Damaged beyond repair,-,Lockheed L-1049G Super Constellation,-,-,1956,-,-, 5T-TAG, 4642,Red Cross,Cargo,-,-,-,-,-,-,-,-,-,3,1,3,1,-,-,-
19680701-1,Monday,01-JUL-1968,17:12,A1, En route (ENR),"Fayetteville Municipal Airport (Drake Field), AR (FYV/KFYV) [N]",United States of America,8,1, Damaged beyond repair,-,Rockwell 1121 Jet Commander,-,-,-,-,-, N196KC, 68,Kansas City Life Insurance,Executive,-,-,-,-,-,Kansas City Downtown Municipal Airport,MKC,KMKC,United States of America,2,6,0,1,-,-,Final
19680701-2,Monday,01-JUL-1968,-,H2, En route (ENR),Havana-José Martí International Airport (HAV),Cuba,92,0, None,-,Boeing 727-051,-,-,1966,-,-, N475US, 19121/264,Northwest Orient Airlines,Domestic Scheduled Passenger, 714,Chicago-O'Hare International Airport,ORD,KORD,United States of America,Miami International Airport,MIA,KMIA,United States of America,-,-,0,0,-,-,-
19680701-3,Monday,01-JUL-1968,16:42,A1, Takeoff (TOF),"near Breusovka, Poltava region",Ukraine,3,2, Damaged beyond repair,-,Antonov An-2M,-,-,1967,2793.0,699.0, CCCP-02332, 7 014 20,Aeroflot / Ukraine,Agricultural,-,-,-,-,-,-,-,-,-,1,2,1,1,-,-,-
19680702-0,Tuesday,02-JUL-1968,18:11,A1, Landing (LDG),"Philadelphia International Airport, PA (PHL)",United States of America,3,0, Destroyed, Written off (damaged beyond repair),Douglas DC-7BF,-,-,1956,-,-, N762Z, 44922/669,Universal Airlines,Cargo,-,Norfolk International Airport,ORF,KORF,United States of America,Philadelphia International Airport,PHL,KPHL,United States of America,3,0,0,0,-,-,Final
19680703-0,Wednesday,03-JUL-1968,-,A1, Approach (APR),London-Heathrow Airport (LHR),United Kingdom,8,6, Damaged beyond repair,-,Airspeed AS.57 Ambassador 2,2,Bristol Centaurus 661,1951,-,-, G-AMAD, 5211,BKS Air Transport,Cargo,-,Deauville-Saint Gatien Airport,DOL,LFRG,France,London-Heathrow Airport,LHR,EGLL,United Kingdom,8,0,6,0,-,-,-
19680703-2,Wednesday,03-JUL-1968,-,O1, Standing (STD),London-Heathrow Airport (LHR),United Kingdom,0,0, Damaged beyond repair,-,Hawker Siddeley HS-121 Trident 1C,-,-,1965,-,-, G-ARPT, 2121,BEA,-,-,-,-,-,-,-,-,-,-,0,0,0,0,-,-,-
19680703-3,Wednesday,03-JUL-1968,-,O2, Standing (STD),London-Heathrow Airport (LHR),United Kingdom,0,0, Damaged beyond repair,-,Hawker Siddeley HS-121 Trident 1C,-,-,1964,-,-, G-ARPI, 2109,BEA,-,-,-,-,-,-,-,-,-,-,0,0,0,0,-,-,-
19680704-0,Thursday,04-JUL-1968,-,H2, En route (ENR),"Las Vegas-McCarran International Airport, NV (LAS)",United States of America,77,0, None,-,Boeing 727,-,-,-,-,-, registration unknown,-,TWA,Domestic Scheduled Passenger,TW329,-,-,-,-,Las Vegas-McCarran International Airport,LAS,KLAS,United States of America,6,71,0,0,-,-,-
19680706-0,Saturday,06-JUL-1968,-,U1, Unknown (UNK),at an unknown location,Unknown country,-,-, Damaged beyond repair,-,CASA 352 (Junkers Ju-52),-,-,-,-,-, T.2B-158, 49,Spanish AF,Military,-,-,-,-,-,-,-,-,-,-,-,-,-,-,-,-
19680708-0,Monday,08-JUL-1968,-,A1, Approach (APR),5 km (3.1 mls) S of Dhahran International Airport (DHA),Saudi Arabia,11,11, Damaged beyond repair,-,Convair CV-340-68,-,-,1955,-,-, HZ-AAZ, 219,Saudi Arabian,International Scheduled Passenger,-,Bahrain International Airport,BAH,OBBI,Bahrain,Dhahran International Airport,DHA,OEDR,Saudi Arabia,3,8,3,8,-,-,-
19680710-0,Wednesday,10-JUL-1968,-,A1, Unknown (UNK),at an unknown location,Unknown country,-,-, Damaged beyond repair,-,Douglas C-47D (DC-3),-,-,1945,-,-, 44-77275, 33607/16859,USAF,Military,-,-,-,-,-,-,-,-,-,-,-,-,-,-,-,-
19680711-0,Thursday,11-JUL-1968,-,O1, Standing (STD),Uherské Hradiste-Kunovice Airport (UHE),Czech Republic,1,1, Damaged beyond repair,-,Antonov An-2T,-,-,-,-,-, OK-MYC, 193(473)14,Ak Brno,-,-,-,-,-,-,-,-,-,-,1,0,1,0,-,-,-
19680712-0,Friday,12-JUL-1968,-,H2, Unknown (UNK),at an unknown location,Unknown country,55,0, Unknown,-,Convair CV-880,-,-,-,-,-, registration unknown,-,Delta Air Lines,Domestic Scheduled Passenger,-,Baltimore/Washington International Airport,BWI,KBWI,United States of America,-,-,-,-,-,-,0,0,-,-,-
19680713-0,Saturday,13-JUL-1968,04:00,A1, Approach (APR),14 km (8.8 mls) N of Lagos-Murtala Muhammed Airport (LOS),Nigeria,7,7, Destroyed, Written off (damaged beyond repair),Boeing 707-329C,4,Pratt & Whitney JT3D-7,1966,-,6048.0, OO-SJK, 19211/518,Sabena,Cargo,712,Brussel-Zaventem Airport,BRU,EBBR,Belgium,Lagos/Ikeja International Airport,LOS,DNMM,Nigeria,5,2,5,2,-,-,Final
19680715-0,Monday,15-JUL-1968,-,A1, En route (ENR),"Gravatá, PE",Brazil,3,3, Damaged beyond repair,-,Curtiss C-46 Super C,-,-,1945,-,-, PP-VBJ, 33481,Varig,Cargo,-,-,-,-,-,Recife International Airport,REC,SBRF,Brazil,3,0,3,0,-,-,-
19680717-0,Wednesday,17-JUL-1968,-,H2, En route (ENR),Havana-José Martí International Airport (HAV),Cuba,63,0, None,-,McDonnell Douglas DC-8,-,-,-,-,-, registration unknown,-,National Airlines,Domestic Scheduled Passenger,1064,Los Angeles International Airport,LAX,KLAX,United States of America,Miami International Airport,MIA,KMIA,United States of America,7,56,0,0,-,-,-
19680718-0,Thursday,18-JUL-1968,-,A1, Unknown (UNK),Strait of Magellan,Chile,5,5, Damaged beyond repair,-,Curtiss C-46D-15-CU Commando,-,-,1945,-,-, CC-CDI, 33445,ALFA,Cargo,-,-,-,-,-,-,-,-,-,5,0,5,0,-,-,-
19680721-0,Sunday,21-JUL-1968,12:17,A1, En route (ENR),15 km (9.4 mls) SW of Sufi-Kurgan,Kyrgyzstan,14,14, Damaged beyond repair,-,Antonov An-2R,-,-,1968,201.0,170.0, CCCP-32209, 1G95-21,Aeroflot / Kyrgyzstan,Domestic Scheduled Passenger,-,-,-,-,-,Osh Airport,OSS,UAFO,Kyrgyzstan,2,12,2,12,-,-,-
19680722-0,Monday,22-JUL-1968,17:57,A1, En route (ENR),"near McGrath, AK",United States of America,4,4, Damaged beyond repair,-,Consolidated P4Y-2G Privateer,-,-,-,-,-, N7974A,-,Avery Aviation,Fire fighting,-,-,-,-,-,-,-,-,-,2,2,2,2,-,-,Final
19680723-0,Tuesday,23-JUL-1968,-,H2, En route (ENR),Algiers-Dar el Beida Airport (ALG),Algeria,51,0, None,-,Boeing 707-458,-,-,1961,-,-, 4X-ATA, 18070/205,El Al,International Scheduled Passenger,LY426,Roma-Fiumicino Airport,FCO,LIRF,Italy,Tel Aviv-Lod International Airport,TLV,LLBG,Israel,10,41,0,0,-,-,-
19680725-0,Thursday,25-JUL-1968,-,A1, Maneuvering (MNV),near Pleiku,Vietnam,4,2, Damaged beyond repair,-,de Havilland Canada C-7B Caribou (DHC-4),-,-,1965,-,-, 63-9761, 226,USAF,Military,-,-,-,-,-,-,-,-,-,4,0,2,0,-,-,-
19680728-0,Sunday,28-JUL-1968,20:00,A1, En route (ENR),"80 km (50 mls) NW of Recife, PE",Brazil,10,10, Damaged beyond repair,-,Douglas C-124C Globemaster II,4,Pratt & Whitney R-4360-20WA,-,-,-, 51-5178, 43588,USAF,Military,-,Paramaribo-Zanderij International Airport,PBM,SMJP,Suriname,Recife-Guararapes International Airport,REC,SBRF,Brazil,10,0,10,0,-,-,-
19680728-1,Sunday,28-JUL-1968,10:43,A2, Initial climb (ICL),"Cleveland-Burke Lakefront Airport, OH (BKL)",United States of America,3,0, Substantial, Repaired,Dassault Falcon 20C,-,-,1966,-,-, N367EJ, 028,Executive Jet Aviation,Executive,-,Cleveland-Burke Lakefront Airport,BKL,KBKL,United States of America,Portland International Jetport,PWM,KPWM,United States of America,3,0,0,0,-,-,Final
19680729-0,Monday,29-JUL-1968,-,O1, Standing (STD),Tuy Hoa Airport (TBB),Vietnam,0,0, Damaged beyond repair,-,Lockheed HC-130P Combat King,-,-,1966,-,-, 66-0214, 4164,USAF,Military,-,-,-,-,-,-,-,-,-,0,0,0,0,-,-,-
19680729-1,Monday,29-JUL-1968,-,O1, Standing (STD),Tuy Hoa Airport (TBB),Vietnam,0,0, Damaged beyond repair,-,Lockheed HC-130P Combat King,-,-,1966,-,-, 66-0218, 4174,USAF,Military,-,-,-,-,-,-,-,-,-,0,0,0,0,-,-,-
19680730-0,Tuesday,30-JUL-1968,-,A1, En route (ENR),"56 km (35 mls) E of Red Buff, CA",United States of America,9,9, Destroyed, Written off (damaged beyond repair),Boeing KC-135A Stratotanker,4,Pratt & Whitney J57-P,1958,-,6089.0, 56-3655, 17404/94,USAF,Military,-,Merced-Castle AFB,MER,KMER,United States of America,Merced-Castle AFB,MER,KMER,United States of America,9,0,9,0,-,-,-
19680802-0,Friday,02-AUG-1968,14:06,A1, Approach (APR),"11,5 km (7.2 mls) N of Milano-Malpensa Airport (MXP)",Italy,95,12, Destroyed, Written off (damaged beyond repair),Douglas DC-8-43,4,Rolls-Royce Conway 508-12,1962,-,-, I-DIWF, 45630/159,Alitalia,Domestic Scheduled Passenger,AZ660,Roma-Fiumicino Airport,FCO,LIRF,Italy,Milano-Malpensa Airport,MXP,LIMC,Italy,10,85,0,12,-,-,-
19680803-0,Saturday,03-AUG-1968,16:55,A1, Approach (APR),"7,5 km (4.7 mls) NE of Psebai",Russia,14,14, Damaged beyond repair,-,Antonov An-2,-,-,1957,18999.0,11740.0, CCCP-01118, 1 73 473 17,Aeroflot / North Kavkaz,Domestic Scheduled Passenger, 961,Krasnodar Airport,KRR,URKK,Russia,-,-,-,-,2,12,2,12,-,-,-
19680804-0,Sunday,04-AUG-1968,09:48,A2, Approach (APR),"18 km (11.3 mls) SW of Milwaukee, WI",United States of America,11,0, Substantial, Repaired,Convair CV-580,-,-,1958,-,25219.0, N4634S, 176,North Central Airlines,Domestic Scheduled Passenger, 261,Chicago-O'Hare International Airport,ORD,KORD,United States of America,Milwaukee-General Mitchell Airport,MKE,KMKE,United States of America,3,8,0,0,3,-,Final
19680808-0,Thursday,08-AUG-1968,-,A1, Landing (LDG),Mirny Airport (MJZ),Russia,-,0, Damaged beyond repair,-,Antonov An-10A,4,Ivchenko AI-20K,1959,-,-, CCCP-11172, 9401602,Aeroflot / East Siberia,Domestic Scheduled Passenger,-,Irkutsk Airport,IKT,UIII,Russia,Mirny Airport,MJZ,UERR,Russia,-,-,0,0,-,-,-
19680808-1,Thursday,08-AUG-1968,20:45,A1, Maneuvering (MNV),"Shawnigan Lake, BC",Canada,2,2, Damaged beyond repair,-,Consolidated PBY-5A Catalina,-,-,-,-,-, CF-FFY, 1842,Flying Firemen,Fire fighting,-,-,-,-,-,-,-,-,-,2,0,2,0,-,-,-
19680809-0,Friday,09-AUG-1968,13:04,A1, En route (ENR),near Langenbruck,Germany,48,48, Destroyed, Written off (damaged beyond repair),Vickers 739A Viscount,4,Rolls-Royce Dart 510,1958,10781.0,186560.0, G-ATFN, 394,British Eagle,International Scheduled Passenger, 802,London-Heathrow Airport,LHR,EGLL,United Kingdom,Innsbruck-Kranebitten Airport,INN,LOWI,Austria,4,44,4,44,-,-,Final
19680810-0,Saturday,10-AUG-1968,08:57,A1, Approach (APR),"Charleston-Kanawha County Airport, WV (CRW)",United States of America,37,35, Destroyed, Written off (damaged beyond repair),Fairchild FH-227B,2,Rolls-Royce Dart 532-7,1967,-,2197.0, N712U, 557,Piedmont Airlines,Domestic Scheduled Passenger, 230,Cincinnati/Northern Kentucky Airport,CVG,KCVG,United States of America,Charleston-Kanawha County Airport,CRW,KCRW,United States of America,3,34,3,32,-,-,Final
19680818-0,Sunday,18-AUG-1968,09:21,A1, En route (ENR),ca 180 km S off Cyprus,Mediterranean Sea,40,40, Damaged beyond repair,-,Antonov An-24V,-,-,1966,-,-, SU-AOL, 67302806,UAA,International Scheduled Passenger,-,Cairo International Airport,CAI,HECA,Egypt,Damascus International Airport,DAM,OSDI,Syria,7,33,7,33,-,-,-
19680818-1,Sunday,18-AUG-1968,-,U1, Unknown (UNK),at an unknown location,Unknown country,-,-, Damaged beyond repair,-,Douglas C-54B-10-DO (DC-4),-,-,1944,-,-, OB-R-849, 18355,Rutas Internacionales,Unknown,-,-,-,-,-,-,-,-,-,-,-,-,-,-,-,-
19680818-2,Sunday,18-AUG-1968,-,U1, Unknown (UNK),Kinshasa-N'Djili Airport (FIH),Democratic Republic of the Congo,-,-, Damaged beyond repair,-,Douglas DC-3D,-,-,1946,-,-, 9Q-CUM, 42973,Air Congo,Unknown,-,-,-,-,-,-,-,-,-,-,-,-,-,-,-,-
19680820-0,Tuesday,20-AUG-1968,13:50,A1, Initial climb (ICL),near Maturín-Quiriquire Airport (MUN),Venezuela,7,4, Damaged beyond repair,-,Hawker Siddeley HS-748-215 Srs. 2,-,-,1965,-,-, YV-C-AMY, 1580,LAV,Domestic Scheduled Passenger,-,Maturín-Quiriquire Airport,MUN,SVMT,Venezuela,Tucupita Airport,TUV,SVTC,Venezuela,3,4,2,2,-,-,-
19680822-1,Thursday,22-AUG-1968,-,O1, Standing (STD),"Martinsburg Airport, WV (MRB)",United States of America,0,0, Damaged beyond repair,-,Convair CV-240-13,-,-,1949,-,-, N91239, 159,East Coast Leasing,-,-,-,-,-,-,-,-,-,-,0,0,0,0,-,-,-
19680822-2,Thursday,22-AUG-1968,-,O1, Standing (STD),"Martinsburg Airport, WV (MRB)",United States of America,0,0, Damaged beyond repair,-,Convair CV-600,-,-,1952,-,-, N278E, 32,East Coast Leasing,-,-,-,-,-,-,-,-,-,-,0,0,0,0,-,-,-
19680823-0,Friday,23-AUG-1968,-,A1, Initial climb (ICL),near Reyes Airport (REY),Bolivia,4,4, Damaged beyond repair,-,Curtiss C-46F-1-CU Commando,-,-,1945,-,-, CP-760, 22535,TABSA,Unknown,-,Reyes Airport,REY,SLRY,Bolivia,-,-,-,-,3,1,3,1,-,-,-
19680826-0,Monday,26-AUG-1968,-,C1, En route (ENR),Thein Ngon,Vietnam,3,3, Damaged beyond repair,-,de Havilland Canada C-7B Caribou (DHC-4),-,-,1963,-,-, 62-4177, 118,USAF,Military,-,-,-,-,-,-,-,-,-,3,0,3,0,-,-,-
19680829-0,Thursday,29-AUG-1968,-,A1, Unknown (UNK),Trabzon,Turkey,-,-, Damaged beyond repair,-,Douglas C-118A (DC-6),-,-,1955,-,-, 53-3243, 44614/537,USAF,Military,-,-,-,-,-,-,-,-,-,-,-,-,-,-,-,-
19680829-1,Thursday,29-AUG-1968,-,C1, Standing (STD),Phan Rang Air Base (PHA),Vietnam,0,0, Damaged beyond repair,-,Douglas AC-47D Spooky,-,-,1944,-,-, 43-49499, 26760/15315,USAF,Military,-,-,-,-,-,-,-,-,-,0,0,0,0,-,-,-
19680830-0,Friday,30-AUG-1968,-,U1, Unknown (UNK),"Austin-Bergstrom AFB, TX (AUS)",United States of America,-,-, Damaged beyond repair,-,Douglas C-124C Globemaster II,4,Pratt & Whitney R-4360-20WA,-,-,-, 52-1018, 43927,USAF,Military,-,-,-,-,-,-,-,-,-,-,-,-,-,-,-,-
19680831-0,Saturday,31-AUG-1968,-,A1, En route (ENR),22 km (13.8 mls) E of Odda,Norway,6,5, Damaged beyond repair,-,de Havilland Canada DHC-3 Otter,-,-,1957,-,-, LN-BFD, 199,Ocean Products,Domestic Non Scheduled Passenger,-,-,-,-,-,-,-,-,-,1,5,1,4,-,-,-
19680903-0,Tuesday,03-SEP-1968,19:35,A1, Approach (APR),near Karnobat,Bulgaria,89,47, Damaged beyond repair,-,Ilyushin Il-18E,-,-,1966,1604.0,3374.0, LZ-BEG, 186009101,Bulair,Int'l Non Scheduled Passenger,-,Dresden Airport,DRS,EDDC,Germany,Bourgas Airport,BOJ,LBBG,Bulgaria,7,82,5,42,-,-,-
19680904-1,Wednesday,04-SEP-1968,-,A1, Unknown (UNK),off Bodø,Norway,-,0, Damaged beyond repair,-,de Havilland DH-114 Heron 2D,-,-,-,-,-, LN-NPH, 14127,Nor Flyselskap,Unknown,-,-,-,-,-,-,-,-,-,-,-,0,0,-,-,-
19680906-0,Friday,06-SEP-1968,-,C1, En route (ENR),Bao Loc,Vietnam,5,5, Damaged beyond repair,-,Lockheed C-130E Hercules,-,-,1962,-,-, 62-1785, 3730,USAF,Military,-,Tuy Hoa Airport,TBB,VVTH,Vietnam,-,-,-,-,5,0,5,0,-,-,-
19680906-2,Friday,06-SEP-1968,-,A1, En route (ENR),"Bradore Bay, QC",Canada,9,9, Destroyed, Written off (damaged beyond repair),de Havilland Canada DHC-3 Otter,-,-,1956,-,5088.0, CF-RNP, 164,Northern Wings,Domestic Non Scheduled Passenger,-,-,-,-,-,Lourdes-de-Blanc-Sablon Airport,YBX,CYBX,Canada,2,7,2,7,-,-,-
19680907-0,Saturday,07-SEP-1968,17:22,A1, Approach (APR),"off Golovin Airport, AK (GLV)",United States of America,2,0, Damaged beyond repair,-,Chase YC-122C Avitruc,2,Wright R-2600-29A,-,-,-, N122R,-,Mobile Aircraft,Cargo,-,-,-,-,-,-,-,-,-,2,0,0,0,-,-,-
19680907-1,Saturday,07-SEP-1968,-,O1, Standing (STD),"Rio de Janeiro-Galeão International Airport, RJ (GIG)",Brazil,0,0, Damaged beyond repair,-,Boeing 707-341C,4,Pratt & Whitney JT3D-3B,1966,-,-, PP-VJR, 19320/522,Varig,-,-,-,-,-,-,-,-,-,-,0,0,0,0,-,-,-
19680911-0,Wednesday,11-SEP-1968,10:34,A1, En route (ENR),"41 km (25.6 mls) S off  Nice, France",Mediterranean Sea,95,95, Destroyed, Written off (damaged beyond repair),Sud Aviation SE-210 Caravelle III,2,Rolls-Royce Avon 527B,1968,579.0,1001.0, F-BOHB, 244,Air France,Domestic Scheduled Passenger,AF1611,Ajaccio-Campo Dell'Oro Airport,AJA,LFKJ,France,Nice-Côte d'Azur Airport,NCE,LFMN,France,6,89,6,89,-,-,Final
19680911-1,Wednesday,11-SEP-1968,-,H2, En route (ENR),"Montreal-Dorval International Airport, QC (YUL)",Canada,22,0, None,-,Vickers Viscount,-,-,-,-,-, registration unknown,-,Air Canada,Domestic Scheduled Passenger,-,Saint John Airport,YSJ,CYSJ,Canada,Toronto International Airport,YYZ,CYYZ,Canada,4,18,0,0,-,-,-
19680912-0,Thursday,12-SEP-1968,-,A1, Landing (LDG),Vinh Long Air Base,Vietnam,4,0, Damaged beyond repair,-,Fairchild C-123K Provider,-,-,-,-,-, 54-0714, 20163,USAF,Military,-,-,-,-,-,-,-,-,-,4,0,0,0,-,-,-
19680913-0,Friday,13-SEP-1968,07:23,A1, Approach (APR),"near Hollywood-Burbank Airport, CA (BUR)",United States of America,2,2, Destroyed, Written off (damaged beyond repair),Rockwell 1121 Jet Commander,-,-,-,-,-, N148E, 22,Eversharp,Ferry/positioning,-,Santa Monica Airport,SMO,KSMO,United States of America,Hollywood-Burbank Airport,BUR,KBUR,United States of America,2,0,2,0,-,1,Final
19680915-0,Sunday,15-SEP-1968,21:20,A1, Initial climb (ICL),"7,5 km (4.7 mls) from  São Paulo-Congonhas Airport, SP (CGH)",Brazil,2,2, Damaged beyond repair,-,Vickers 827 Viscount,-,-,1958,-,-, PP-SRE, 399,VASP,Training,-,São Paulo-Congonhas Airport,CGH,SBSP,Brazil,São Paulo-Congonhas Airport,CGH,SBSP,Brazil,2,0,2,0,-,1,-
19680919-0,Thursday,19-SEP-1968,-,A1, Unknown (UNK),Stalevo,Bulgaria,-,1, Damaged beyond repair,-,Antonov An-2,-,-,-,-,-, LZ-...,-,Unknown,Unknown,-,-,-,-,-,-,-,-,-,-,-,1,0,-,-,-
19680919-1,Thursday,19-SEP-1968,-,A1, Initial climb (ICL),near Managua-Las Mercedes Airport (MGA),Nicaragua,-,0, Damaged beyond repair,-,Curtiss C-46A-55-CK Commando,2,Pratt & Whitney R-2800-51,1944,-,-, HC-AMC,   167,ANDES,Unknown,-,Managua-Las Mercedes Airport,MGA,MNMG,Nicaragua,Miami International Airport,MIA,KMIA,United States of America,-,-,0,0,-,-,-
19680920-1,Friday,20-SEP-1968,15:13,A1, Maneuvering (MNV),Farnborough Airport (FAB),United Kingdom,5,5, Destroyed, Written off (damaged beyond repair),Breguet 1150 Atlantic,2,Rolls-Royce Tyne RTy.20 Mk 21,-,-,-, 43, 43,French Navy,Military,-,Farnborough Airport,FAB,EGLF,United Kingdom,Farnborough Airport,FAB,EGLF,United Kingdom,5,0,5,0,-,1,-
19680920-2,Friday,20-SEP-1968,-,H2, En route (ENR),Havana-José Martí International Airport (HAV),Cuba,53,0, None,-,Boeing 720,-,-,-,-,-, registration unknown,-,Eastern Air Lines,Domestic Scheduled Passenger,EA950,-,-,-,-,Miami International Airport,MIA,KMIA,United States of America,7,46,0,0,-,-,-
19680922-0,Sunday,22-SEP-1968,-,H2, En route (ENR),Camagüey Airport (CMW),Cuba,77,0, None,-,Boeing 727-59,-,-,1967,-,-, HK-1401, 19663/491,Avianca,Domestic Scheduled Passenger,AV101,Barranquilla-Ernesto Cortissoz Airport,BAQ,SKBQ,Colombia,Cartagena Airport,CTG,SKCG,Colombia,6,71,0,0,-,-,-
19680922-1,Sunday,22-SEP-1968,-,H2, En route (ENR),Santiago Airport (SCU),Cuba,56,0, None,-,Douglas C-54A-5-DC (DC-4),-,-,1944,-,-, HK-172, 10280,Avianca,Domestic Scheduled Passenger,AV654,Barranquilla-Ernesto Cortissoz Airport,BAQ,SKBQ,Colombia,Santa Marta Airport,SMR,SKSM,Colombia,-,-,0,0,-,-,-
19680922-2,Sunday,22-SEP-1968,12:50,A1, En route (ENR),"61 km (38.1 mls) NW of Seymchan, Magadan region",Russia,8,5, Damaged beyond repair,-,Antonov An-2TP,-,-,1963,-,4598.0, CCCP-91743, 1G37-20,Aeroflot / Yakutsk,Survey/research,-,-,-,-,-,-,-,-,-,2,6,1,4,-,-,-
19680924-0,Tuesday,24-SEP-1968,-,A1, Approach (APR),Wake Island Airport (AWK),Micronesia,56,11, Destroyed, Written off (damaged beyond repair),Boeing KC-135A Stratotanker,4,Pratt & Whitney J57-P,1957,-,6681.0, 55-3133, 17249/16,USAF,Military,-,Guam-Andersen AFB,UAM,PGUA,Guam,-,-,-,-,4,52,0,11,-,-,-
19680926-0,Thursday,26-SEP-1968,14:22,A1, Initial climb (ICL),"near Teterboro Airport, NJ (TEB)",United States of America,2,0, Damaged beyond repair,-,Douglas C-47A-5-DL (DC-3),2,Pratt & Whitney R-1830-92,1943,-,52844.0, N64423, 9251,Ford Motor Co.,Cargo,-,Teterboro Airport,TEB,KTEB,United States of America,-,-,-,-,2,0,0,0,-,-,-
19680927-0,Friday,27-SEP-1968,02:41,A1, Approach (APR),"near Cherry Point MCAS, NC (NKT)",United States of America,3,0, Damaged beyond repair,-,Douglas DC-7CF,-,-,1956,-,-, N7466, 45090/747,Universal Airlines,Cargo,-,-,-,-,-,-,-,-,-,3,0,0,0,-,-,Final
19680928-0,Saturday,28-SEP-1968,-,A1, Approach (APR),"near Twin Falls, NL",Canada,38,0, Damaged beyond repair,-,Aviation Traders ATL-98 Carvair,-,-,1944,-,-, CF-EPX, 6/7480,Eastern Provincial Airways,Domestic Non Scheduled Passenger,-,Goose Bay Airport,YYR,CYYR,Canada,-,-,-,-,5,33,0,0,-,-,-
19680928-1,Saturday,28-SEP-1968,-,A1, Approach (APR),near Port Harcourt Airport (PHC),Nigeria,57,57, Damaged beyond repair,-,Douglas C-54B-1-DC (DC-4),-,-,1944,-,-, N90427, 10445,Pan African Airlines,Domestic Non Scheduled Passenger,-,Lagos/Ikeja International Airport,LOS,DNMM,Nigeria,Port Harcourt Airport,PHC,DNPO,Nigeria,2,55,2,55,-,1,-
19680928-2,Saturday,28-SEP-1968,16:13,A1, Approach (APR),"near Stockton, CA",United States of America,11,0, Damaged beyond repair,-,Lockheed L-1649A Starliner,-,-,1957,-,-, N8081H, 1026,Willair International,Training,-,-,-,-,-,Stockton Airport,SCK,KSCK,United States of America,3,8,0,0,-,-,Final
19680930-0,Monday,30-SEP-1968,-,A1, Landing (LDG),Manston Airport (MSE),United Kingdom,2,0, Damaged beyond repair,-,Airspeed AS.57 Ambassador 2,2,Bristol Centaurus 661,1953,-,-, G-AMAG, 5229,Dan-Air Services,Training,-,-,-,-,-,-,-,-,-,2,0,0,0,-,-,-
19681001-0,Tuesday,01-OCT-1968,-,A1, Takeoff (TOF),U-Tapao Airport (UTP),Thailand,4,4, Damaged beyond repair,-,Boeing KC-135A Stratotanker,4,Pratt & Whitney J57-P,1957,-,6999.0, 55-3138, 17254/21,USAF,Military,-,U-Tapao Airport,UTP,VTBU,Thailand,U-Tapao Airport,UTP,VTBU,Thailand,4,0,4,0,-,-,-
19681003-0,Thursday,03-OCT-1968,-,A1, Initial climb (ICL),near Camp Evans,Vietnam,13,13, Damaged beyond repair,-,de Havilland Canada C-7B Caribou (DHC-4),-,-,1964,-,-, 63-9753, 213,USAF,Military,-,-,-,-,-,-,-,-,-,4,9,4,9,11,-,-
19681003-1,Thursday,03-OCT-1968,-,O1, Standing (STD),Uli Airstrip,Nigeria,0,0, Damaged beyond repair,-,Douglas DC-7C,-,-,1958,-,-, 5T-TAR, 45308/937,North American Aircraft Trading,Cargo,-,-,-,-,-,-,-,-,-,0,0,0,0,-,-,-
19681004-0,Friday,04-OCT-1968,-,A1, Unknown (UNK),at an unknown location,Unknown country,-,-, Damaged beyond repair,-,Antonov An-2M,-,-,-,-,-, 635, 1G36-35,Polish AF,Military,-,-,-,-,-,-,-,-,-,-,-,-,-,-,-,-
19681006-0,Sunday,06-OCT-1968,-,A1, En route (ENR),near Maryy-1 Airport (MYP),Turkmenistan,-,0, Damaged beyond repair,-,Antonov An-24B,-,-,1968,-,-, CCCP-46552, 87304506,Aeroflot / Turkmenistan,Unknown,-,Maryy-1 Airport,MYP,UTAM,Turkmenistan,-,-,-,-,-,-,0,0,-,-,-
19681006-1,Sunday,06-OCT-1968,-,H2, En route (ENR),Havana-José Martí International Airport (HAV),Cuba,17,0, Unknown,-,Hawker Siddeley HS-748-230 Srs. 2,-,-,1966,-,-, XA-SE.,-,Aeromaya,Domestic Scheduled Passenger,-,Cozumel Airport,CZM,MMCZ,Mexico,Mérida-Rejon Airport,MID,MMMD,Mexico,3,14,0,0,-,-,-
19681007-0,Monday,07-OCT-1968,-,A1, Unknown (UNK),Ham Tan,Vietnam,3,0, Damaged beyond repair,-,de Havilland Canada C-7B Caribou (DHC-4),-,-,1964,-,-, 63-9745, 198,USAF,Military,-,-,-,-,-,-,-,-,-,3,0,0,0,-,-,-
19681007-1,Monday,07-OCT-1968,08:37,A1, Approach (APR),ca 7 km W of Paso Canoas Airport,Costa Rica,10,10, Damaged beyond repair,-,Britten-Norman BN-2 Islander,-,-,1968,-,-, TI-1063C, 14,Aerovias del Valle,Domestic Scheduled Passenger,-,San José-Tobias Bolanos International Airport,SYQ,MRPV,Costa Rica,-,-,-,-,1,9,1,9,-,-,-
19681011-0,Friday,11-OCT-1968,16:20,A1, Initial climb (ICL),7 km (4.4 mls) SW of Praha-Ruzyne International Airport (PRG),Czech Republic,40,11, Damaged beyond repair,-,Avia 14-32A,-,-,1958,-,-, OK-MCJ, 77805120,CSA,Domestic Scheduled Passenger,-,Praha-Ruzyne International Airport,PRG,LKPR,Czech Republic,Koice-Barca Airport,KSC,LZKZ,Slovakia,3,37,3,8,-,-,-
19681017-0,Thursday,17-OCT-1968,14:05,A1, Landing (LDG),"Canutama, AM",Brazil,14,4, Damaged beyond repair,-,Canadian Vickers PBV-1A Canso A (PBY-5A),-,-,1944,-,-, PP-PCW, CV-429,Cruzeiro do Sul,Cargo,-,-,-,-,-,-,-,-,-,5,9,0,4,-,-,-
19681019-0,Saturday,19-OCT-1968,-,A1, Approach (APR),near Akhisar,Turkey,7,7, Damaged beyond repair,-,Lockheed C-130E Hercules,4,Allison T56-A-7,1965,-,-, 17949, 4100,Turkish AF,Military,-,-,-,-,-,-,-,-,-,7,0,7,0,-,-,-
19681020-0,Sunday,20-OCT-1968,-,A1, Landing (LDG),Krasnoyarsk Airport (KJA),Russia,-,0, Destroyed, Written off (damaged beyond repair),Ilyushin Il-18D,-,-,1966,-,-, CCCP-75436, 186009505,Aeroflot / West Siberia,Domestic Scheduled Passenger,-,Novosibirsk-Tolmachevo Airport,OVB,UNNN,Russia,Yakutsk Airport,YKS,UEEE,Russia,-,-,0,0,-,-,-
19681020-1,Sunday,20-OCT-1968,-,A1, Unknown (UNK),"Feijó Airport, AC (FEJ)",Brazil,19,19, Damaged beyond repair,-,Douglas C-47A-25-DK (DC-3),2,Pratt & Whitney R-1830-92,1944,-,-, PP-SAD, 13764,Cruzeiro do Sul,Domestic Scheduled Passenger,-,Feijó Airport,FEJ,SNOU,Brazil,-,-,-,-,-,-,-,-,-,-,-
19681020-2,Sunday,20-OCT-1968,-,A1, En route (ENR),32 km (20 mls) S of Ban Me Thuot,Vietnam,23,23, Damaged beyond repair,-,Douglas C-47D,-,-,1945,-,-, 45-934, 34196/16937,USAF,Military,-,Saigon-Tan Son Nhat International Airport,SGN,VVTS,Vietnam,Da Nang Airport,DAD,VVDN,Vietnam,12,11,12,11,-,-,-
19681022-0,Tuesday,22-OCT-1968,-,A1, En route (ENR),75 km (46.9 mls) from  Ching Chuan Kang Air Base,Taiwan,6,6, Damaged beyond repair,-,Boeing KC-135A Stratotanker,4,Pratt & Whitney J57-P,1962,-,-, 61-0301, 18208/523,USAF,Military,-,-,-,-,-,-,-,-,-,6,0,6,0,-,-,-
19681023-0,Wednesday,23-OCT-1968,-,A1, Unknown (UNK),unknown,Unknown country,-,-, Damaged beyond repair,-,Douglas VC-47A (DC-3),-,-,1943,-,-, 42-23966, 9828,USAF,Military,-,-,-,-,-,-,-,-,-,-,-,-,-,-,-,-
19681024-0,Thursday,24-OCT-1968,-,U1, Unknown (UNK),Sangley Point NAS (NSP),Philippines,-,-, Damaged beyond repair,-,Lockheed P-2H Neptune,-,-,-,-,-, 135555, 726-7012,US Navy,Military,-,-,-,-,-,-,-,-,-,-,-,-,-,-,-,-
19681025-0,Friday,25-OCT-1968,-,A1, Maneuvering (MNV),Tafelberg,Suriname,5,3, Damaged beyond repair,-,Douglas C-47A-1-DK (DC-3),2,Pratt & Whitney R-1830-92,1943,-,-, PH-DAA, 11855,KLM Aerocarto,Survey/research,-,-,-,-,-,-,-,-,-,3,2,3,0,-,-,-
19681025-1,Friday,25-OCT-1968,-,A1, Unknown (UNK),"Big Salt Lake, Prince of Wales Island, AK",United States of America,-,-, Damaged beyond repair,-,Douglas EC-47Q,2,Pratt & Whitney R-2000-4,1943,-,-, 42-24304, 10166,USAF,Military,-,-,-,-,-,-,-,-,-,-,-,-,-,-,-,-
19681025-2,Friday,25-OCT-1968,18:10,A1, Approach (APR),"15,2 km (9.5 mls) NE of Lebanon Airport, NH (LEB)",United States of America,42,32, Destroyed, Written off (damaged beyond repair),Fairchild FH-227C,2,Rolls-Royce Dart 532-7,1966,-,3828.0, N380NE, 517,Northeast Airlines,Domestic Scheduled Passenger, 946,Boston-Logan International Airport,BOS,KBOS,United States of America,Lebanon Regional Airport,LEB,KLEB,United States of America,3,39,2,30,-,-,Final
19681030-0,Wednesday,30-OCT-1968,-,H2, Unknown (UNK),"Brownsville, TX",United States of America,-,0, Unknown,-,Curtiss C-46,-,-,-,-,-, registration unknown,-,SAESA,Unknown,-,Tampico-Gen F Javier Mina Airport,TAM,MMTM,Mexico,Reynosa Airport,REX,MMRX,Mexico,-,-,0,0,-,-,-
19681102-0,Saturday,02-NOV-1968,-,A1, Approach (APR),"15,6 km (9.8 mls) from  Lensk",Russia,6,6, Damaged beyond repair,-,Antonov An-12B,4,Ivchenko AI-20M,1963,-,-, CCCP-11349, 401805,Aeroflot / East Siberia,Cargo,-,-,-,-,-,-,-,-,-,6,0,6,0,-,-,-
19681102-1,Saturday,02-NOV-1968,-,H2, Standing (STD),"Birmingham Airport, AL (BHM)",United States of America,50,0, None,-,McDonnell Douglas DC-9,-,-,-,-,-, registration unknown,-,Eastern Air Lines,Domestic Scheduled Passenger,EA224,Birmingham Airport,BHM,KBHM,United States of America,-,-,-,-,4,46,0,0,-,-,-
19681104-1,Monday,04-NOV-1968,-,H2, Unknown (UNK),Havana-José Martí International Airport (HAV),Cuba,65,0, None,-,Boeing 727,-,-,-,-,-, registration unknown,-,National Airlines,Domestic Scheduled Passenger, 186,New Orleans-Moisant Field,MSY,KMSY,United States of America,Miami International Airport,MIA,KMIA,United States of America,7,58,0,0,-,-,-
19681106-0,Wednesday,06-NOV-1968,-,A1, Landing (LDG),"Rio de Janeiro-Santos Dumont Airport, RJ (SDU)",Brazil,-,0, Damaged beyond repair,-,Douglas C-54A-15-DC (DC-4),-,-,1944,-,-, PP-LEW, 10348,VASP,Unknown,-,-,-,-,-,Rio de Janeiro-Santos Dumont Airport,SDU,SBRJ,Brazil,-,-,0,0,-,-,-
19681106-1,Wednesday,06-NOV-1968,-,H2, En route (ENR),Manila International Airport (MNL),Philippines,43,1, Minor, Repaired,Fokker F-27 Friendship,-,-,-,-,-, registration unknown,-,Philippine Air Lines,Domestic Scheduled Passenger, 158A,Cebu Airport,CEB,RPVM,Philippines,Manila International Airport,MNL,RPLL,Philippines,4,39,0,1,-,-,-
19681107-0,Thursday,07-NOV-1968,-,A1, Approach (APR),"6 km (3.8 mls) from  Mar Del Plata Airport, BA (MDQ)",Argentina,24,0, Destroyed, Written off (damaged beyond repair),Douglas DC-6A/B,-,-,1954,-,-, TC-55, 44114/453,Argentine AF,Military,-,Río Gallegos Internacional Airport,RGL,SAWG,Argentina,Mar Del Plata Airport,MDQ,SAZM,Argentina,-,-,0,0,-,-,-
19681107-1,Thursday,07-NOV-1968,-,A1, En route (ENR),"Zambales Mountains, Luzon",Philippines,11,11, Damaged beyond repair,-,Douglas C-47 (DC-3),-,-,-,-,-, registration unknown,-,Philippine AF,Military,-,-,-,-,-,-,-,-,-,5,6,5,6,-,-,-
19681108-0,Friday,08-NOV-1968,-,H2, En route (ENR),Paris-Orly Airport (ORY),France,130,0, Unknown,-,Boeing 707,-,-,-,-,-, registration unknown,-,Olympic Airways,International Scheduled Passenger,-,Paris-Orly Airport,ORY,LFPO,France,Athens-Ellinikon International Airport,ATH,LGAT,Greece,-,-,0,0,-,-,-
19681111-0,Monday,11-NOV-1968,-,A1, Unknown (UNK),San Borja,Bolivia,-,-, Damaged beyond repair,-,Curtiss C-46A-15-CU Commando,2,Pratt & Whitney R-2800-51,1943,-,-, CP-791, 26515,Compañia Boliviana de Aviacion,Unknown,-,-,-,-,-,-,-,-,-,-,-,-,-,-,-,-
19681112-0,Tuesday,12-NOV-1968,17:28,A1, Landing (LDG),"Santa Barbara Municipal Airport, CA (SBA)",United States of America,4,0, Damaged beyond repair,-,Convair CV-580,-,-,1953,-,-, N73135,  85,Tex Johnson Inc,Training,-,-,-,-,-,Santa Barbara Municipal Airport,SBA,KSBA,United States of America,3,1,0,0,-,-,Final
19681118-0,Monday,18-NOV-1968,-,H2, En route (ENR),Havana-José Martí International Airport (HAV),Cuba,23,0, None,-,Douglas DC-6,-,-,1948,-,-, XA-MON, 43104/95,Mexicana,Domestic Scheduled Passenger,-,Mérida-Rejon Airport,MID,MMMD,Mexico,Villahermosa-Capitan Carlos Perez Airport,VSA,MMVA,Mexico,5,18,0,0,-,-,-
19681119-2,Tuesday,19-NOV-1968,10:48,C2, En route (ENR),"over Gunnison, CO",United States of America,70,0, Substantial, Repaired,Boeing 707-324C,-,-,1966,-,-, N17325, 19177/513,Continental Air Lines,Domestic Scheduled Passenger,-,Los Angeles International Airport,LAX,KLAX,United States of America,Denver International Airport,DEN,KDEN,United States of America,7,63,0,0,-,-,-
19681122-0,Friday,22-NOV-1968,17:25,A2, Landing (LDG),"San Fransisco Bay, CA",United States of America,107,0, Substantial, Repaired,McDonnell Douglas DC-8-62,4,Pratt & Whitney JT3D-3B,1968,-,1707.0, JA8032, 45954/362,JAL,International Scheduled Passenger,JL2,Tokyo-Haneda Airport,HND,RJTT,Japan,San Francisco International Airport,SFO,KSFO,United States of America,11,96,0,0,-,-,Final
19681123-0,Saturday,23-NOV-1968,19:59,A1, Approach (APR),"2,9 km (1.8 mls) N of Santa Ana-Orange County Airport, CA (SNA)",United States of America,9,9, Damaged beyond repair,-,de Havilland Canada DHC-6 Twin Otter 200,2,Pratt & Whitney Canada PT6A-20,1968,-,-, N7666, 148,Cable Commuter,Domestic Scheduled Passenger,-,Los Angeles International Airport,LAX,KLAX,United States of America,Santa Ana-Orange County Airport,SNA,KSNA,United States of America,2,7,2,7,-,-,Final
19681123-1,Saturday,23-NOV-1968,-,H2, En route (ENR),Havana-José Martí International Airport (HAV),Cuba,90,0, None,-,Boeing 727,-,-,-,-,-, registration unknown,-,Eastern Air Lines,Domestic Scheduled Passenger,EA73,Chicago-O'Hare International Airport,ORD,KORD,United States of America,Miami International Airport,MIA,KMIA,United States of America,-,-,0,0,-,-,-
19681124-0,Sunday,24-NOV-1968,-,H2, En route (ENR),Havana-José Martí International Airport (HAV),Cuba,103,0, None,-,Boeing 707,-,-,-,-,-, registration unknown,-,Pan Am,Domestic Scheduled Passenger,PA281,New York-John F. Kennedy International Airport,JFK,KJFK,United States of America,San Juan-Isla Verde International Airport,SJU,TJSJ,Puerto Rico,7,96,0,0,-,-,-
19681125-1,Monday,25-NOV-1968,15:33,A1, Initial climb (ICL),3 km (1.9 mls) from  Savannakhet Airport (ZVK),Laos,28,26, Damaged beyond repair,-,Curtiss C-46D-20-CU Commando,-,-,1945,-,-, N1386N, 22265,Air America,Domestic Non Scheduled Passenger,-,Savannakhet Airport,ZVK,VLSK,Laos,Vientiane-Wattay Airport,VTE,VLVT,Laos,3,25,3,23,-,-,-
19681128-0,Thursday,28-NOV-1968,-,A1, Landing (LDG),Tonle Cham Airfield,Vietnam,5,0, Damaged beyond repair,-,Lockheed C-130B Hercules,4,Allison T56-A-7,1962,-,-, 61-2644, 3682,USAF,Military,-,-,-,-,-,-,-,-,-,5,0,0,0,-,-,-
19681130-0,Saturday,30-NOV-1968,-,H2, En route (ENR),Havana-José Martí International Airport (HAV),Cuba,45,0, None,-,Boeing 720,-,-,-,-,-, registration unknown,-,Eastern Air Lines,Domestic Scheduled Passenger,EA532,Miami International Airport,MIA,KMIA,United States of America,Dallas-Love Field,DAL,KDAL,United States of America,-,-,0,0,-,-,-
19681202-0,Monday,02-DEC-1968,09:36,A1, Approach (APR),"42 km (26.3 mls) E of Iliamna Airport, AK (ILI)",United States of America,39,39, Destroyed, Written off (damaged beyond repair),Fairchild F-27B,2,Rolls-Royce Dart 514-7E,1959,-,17194.0, N4905,  49,Wien Consolidated,Domestic Scheduled Passenger,  55,Anchorage International Airport,ANC,PANC,United States of America,Iliamna Airport,ILI,PAIL,United States of America,3,36,3,36,-,-,Final
19681203-0,Tuesday,03-DEC-1968,-,H2, En route (ENR),Havana-José Martí International Airport (HAV),Cuba,35,0, None,-,Boeing 727,-,-,-,-,-, registration unknown,-,National Airlines,Domestic Scheduled Passenger,1439,Tampa International Airport,TPA,KTPA,United States of America,Miami International Airport,MIA,KMIA,United States of America,7,28,0,0,-,-,-
19681205-0,Thursday,05-DEC-1968,-,A1, Unknown (UNK),Beijing,China,-,-, Damaged beyond repair,-,Ilyushin Il-14,-,-,-,-,-, 640,-,CAAC,Unknown,-,-,-,-,-,-,-,-,-,-,-,-,-,-,-,-
19681206-1,Friday,06-DEC-1968,-,A1, Landing (LDG),Røros Airport (RRS),Norway,-,0, Damaged beyond repair,-,Fairchild C-119G Flying Boxcar,-,-,-,-,-, 12695/BW-E, 10684,Norwegian AF,Military,-,-,-,-,-,Røros Airport,RRS,ENRO,Norway,-,-,0,0,-,-,-
19681206-2,Friday,06-DEC-1968,-,A1, Unknown (UNK),near Sønderborg,Denmark,1,1, Damaged beyond repair,-,Dornier Do 28D-1 Skyservant,-,-,-,-,-, N7154, 4001,private,Ferry/positioning,-,Stornoway Airport,SYY,EGPO,United Kingdom,Sønderborg Airport,SGD,EKSB,Denmark,1,0,1,0,-,-,-
19681207-0,Saturday,07-DEC-1968,-,A1, Approach (APR),Uli Airstrip,Nigeria,4,4, Damaged beyond repair,-,Douglas DC-7C,-,-,1958,-,-, VR-BCY, 45545/1024,North American Aircraft Trading,Cargo,-,São Tomé Island Airport,TMS,FPST,São Tomé and Príncipe,-,-,-,-,4,0,4,0,-,-,-
19681209-0,Monday,09-DEC-1968,18:30,A1, Takeoff (TOF),"Las Vegas-McCarran International Airport, NV (LAS)",United States of America,104,0, Damaged beyond repair,-,Lockheed L-1649A Starliner,-,-,1957,-,-, N7314C, 1016,Fly by Night Safaris,Domestic Non Scheduled Passenger,-,Las Vegas-McCarran International Airport,LAS,KLAS,United States of America,-,-,-,-,8,96,0,0,-,-,Final
19681209-2,Monday,09-DEC-1968,-,A1, Landing (LDG),"The Pas, MB",Canada,4,0, Damaged beyond repair,-,de Havilland Canada DHC-3 Otter,-,-,1954,-,-, CF-XJM, 29,Lambair,Passenger,-,The Pas/Grace Lake Airport,YQD,CYQD,Canada,-,-,-,-,1,3,0,0,-,-,-
19681211-0,Wednesday,11-DEC-1968,-,H2, En route (ENR),Havana-José Martí International Airport (HAV),Cuba,39,0, Unknown,-,Boeing 727,-,-,-,-,-, registration unknown,-,TWA,Domestic Scheduled Passenger,TW496,Nashville Metropolitan Airport,BNA,KBNA,United States of America,Miami International Airport,MIA,KMIA,United States of America,-,-,0,0,-,-,-
19681212-0,Thursday,12-DEC-1968,22:02,A1, Approach (APR),"18,4 km (11.5 mls) N off  Caracas",Venezuela,51,51, Damaged beyond repair,-,Boeing 707-321B,4,Pratt & Whitney JT3D-3B,1968,-,-, N494PA, 19696/688,Pan Am,International Scheduled Passenger,PA217,New York-John F. Kennedy International Airport,JFK,KJFK,United States of America,Caracas-Simón Bolívar International Airport,CCS,SVMI,Venezuela,9,42,9,42,-,-,-
19681212-2,Thursday,12-DEC-1968,09:41,A1, Landing (LDG),Freeport-Grand Bahama International Airport (FPO),Bahamas,11,0, Damaged beyond repair,-,Lockheed C-60A Lodestar,-,-,1942,-,-, N60G, 18-2264,Professional Pilot Service,Executive,-,-,-,-,-,Freeport-Grand Bahama International Airport,FPO,MYGF,Bahamas,2,9,0,0,-,-,-
19681213-0,Friday,13-DEC-1968,-,A1, En route (ENR),near Ban Hai,Laos,7,6, Damaged beyond repair,-,Fairchild C-123K Provider,-,-,-,-,-, 54-0600, 20049,USAF,Military,-,Nakhon Phanom Airport,KOP,VTUW,Thailand,Nakhon Phanom Airport,KOP,VTUW,Thailand,7,0,6,0,2,-,-
19681213-1,Friday,13-DEC-1968,-,A1, En route (ENR),Bien Hoa Air Base,Vietnam,-,0, Damaged beyond repair,-,Douglas AC-47D Spooky,-,-,1944,-,-, 43-49274, 26535/15090,USAF,Military,-,-,-,-,-,-,-,-,-,-,0,0,0,2,-,-
19681213-2,Friday,13-DEC-1968,-,A2, Initial climb (ICL),"Schaft Creek Airstrip, BC",Canada,2,1, Substantial, Repaired,de Havilland Canada DHC-3 Otter,-,-,1954,-,-, CF-RNO, 21,Harbour Air,Cargo,-,-,-,-,-,-,-,-,-,2,0,1,0,-,-,-
19681214-0,Saturday,14-DEC-1968,-,A1, En route (ENR),37 km (23.1 mls) ESE of San Juan,Puerto Rico,8,8, Destroyed, Written off (damaged beyond repair),Fairchild C-119G Flying Boxcar,-,-,-,-,-, 51-2667, 10656,USAF,Military,-,Roosevelt Roads-Roosevelt NAS,NRR,TJNR,Puerto Rico,Homestead AFB,HST,KHST,United States of America,8,0,8,0,-,-,-
19681217-0,Tuesday,17-DEC-1968,-,A1, En route (ENR),SSW of Chu Lai Air Base,Vietnam,44,14, Damaged beyond repair,-,Fairchild C-123B-11-FA Provider,-,-,-,-,-, 54-0708, 20157,USAF,Military,-,Chu Lai Air Base,VCL,VVCL,Vietnam,Da Nang Airport,DAD,VVDN,Vietnam,4,40,3,11,-,-,-
19681219-0,Thursday,19-DEC-1968,-,H2, En route (ENR),Havana-José Martí International Airport (HAV),Cuba,151,0, None,-,McDonnell Douglas DC-8-61,-,-,-,-,-, registration unknown,-,Eastern Air Lines,Domestic Scheduled Passenger,EA47,Philadelphia International Airport,PHL,KPHL,United States of America,Miami International Airport,MIA,KMIA,United States of America,-,-,0,0,-,-,-
19681219-1,Thursday,19-DEC-1968,-,A1, En route (ENR),Gran Tarajal/Fuerteventura,Spain,3,0, Substantial, Written off (damaged beyond repair),CASA 352 (Junkers Ju-52),-,-,-,-,-, T.2B-235, 126,Spanish AF,Military,-,-,-,-,-,-,-,-,-,-,-,0,0,-,-,-
19681220-0,Friday,20-DEC-1968,05:32,A1, Initial climb (ICL),"2,2 km (1.4 mls) ENE of Nairobi-Wilson Airport (WIL)",Kenya,3,3, Destroyed, Written off (damaged beyond repair),Douglas C-47A-25-DK (DC-3),2,Pratt & Whitney R-1830-92,1944,-,14794.0, 5Y-ADI, 13447,Kenya Police,Cargo,-,Nairobi-Wilson Airport,WIL,HKNW,Kenya,Wajir Airport,WJR,HKWJ,Kenya,2,1,2,1,-,-,Final
19681224-0,Tuesday,24-DEC-1968,20:12,A1, Approach (APR),"4 km (2.5 mls) SE of Bradford Airport, PA (BFD)",United States of America,47,20, Destroyed, Written off (damaged beyond repair),Convair CV-580,2,Allison 501-D13,1957,-,29173.0, N5802, 410,Allegheny Airlines,Domestic Scheduled Passenger, 736,Erie International Airport,ERI,KERI,United States of America,Bradford Airport,BFD,KBFD,United States of America,6,41,3,17,-,-,Final
19681224-1,Tuesday,24-DEC-1968,04:30,A1, Approach (APR),"Prudhoe Bay, AK",United States of America,4,2, Damaged beyond repair,-,Lockheed L-100 Hercules,4,Allison 501-D22,1967,-,-, N760AL, 4229,Interior Airways,Cargo,-,Fairbanks International Airport,FAI,PAFA,United States of America,-,-,-,-,4,0,2,0,-,-,Final
19681226-0,Thursday,26-DEC-1968,-,A1, Unknown (UNK),"Praia Ponta Grossa, RJ",Brazil,-,-, Damaged beyond repair,-,Douglas C-47B-1-DK (DC-3),2,Pratt & Whitney R-1830-90C,1944,-,-, 2013, 25683/14238,Brazilian AF,Military,-,-,-,-,-,-,-,-,-,-,-,-,-,-,-,-
19681226-1,Thursday,26-DEC-1968,23:20,A1, En route (ENR),40 km (25 mls) E of Ensenada,Mexico,12,12, Damaged beyond repair,-,Douglas C-47A-80-DL (DC-3),-,-,1944,-,-, XB-POH, 19822,ESSA,Domestic Non Scheduled Passenger,-,Tijuana-Rodriguez Airport,TIJ,MMTJ,Mexico,Guerrero Negro Airport,GUB,MMGR,Mexico,2,10,2,10,-,-,-
19681226-2,Thursday,26-DEC-1968,06:15,A1, Takeoff (TOF),"Anchorage-Elmendorf AFB, AK (EDF)",United States of America,3,3, Damaged beyond repair,-,Boeing 707-321C,4,Pratt & Whitney JT3D-3B,1964,-,-, N799PA, 18824/397,Pan Am,Cargo,PA799,Anchorage-Elmendorf AFB,EDF,PAED,United States of America,-,-,-,-,3,0,3,0,-,-,Final
19681226-3,Thursday,26-DEC-1968,-,C2, Taxi (TXI),Athens-Ellinikon International Airport (ATH),Greece,51,1, Substantial, Repaired,Boeing 707-358B,-,-,1965,-,-, 4X-ATR, 19004/459,El Al,International Scheduled Passenger,-,Athens-Ellinikon International Airport,ATH,LGAT,Greece,Paris-Orly Airport,ORY,LFPO,France,11,40,0,1,-,-,-
19681227-0,Friday,27-DEC-1968,20:22,A1, Approach (APR),"Chicago-O'Hare International Airport, IL (ORD)",United States of America,45,27, Damaged beyond repair,-,Convair CV-580,-,-,1956,-,-, N2045, 369,North Central Airlines,Domestic Scheduled Passenger, 458,Milwaukee-General Mitchell Airport,MKE,KMKE,United States of America,Chicago-O'Hare International Airport,ORD,KORD,United States of America,4,41,3,24,-,1,-
19681227-1,Friday,27-DEC-1968,07:11,A1, Takeoff (TOF),"0,3 km (0.2 mls) N of Sioux City-Municipal Airport, IA (SUX)",United States of America,68,0, Damaged beyond repair,-,McDonnell Douglas DC-9-15,2,Pratt & Whitney JT8D-7,1967,-,3458.0, N974Z, 47034/162,Ozark Air Lines,Domestic Scheduled Passenger, 982,Sioux City-Municipal Airport,SUX,KSUX,United States of America,Chicago-O'Hare International Airport,ORD,KORD,United States of America,4,64,0,0,-,-,Final
19681228-0,Saturday,28-DEC-1968,21:30,C1, Standing (STD),Beirut International Airport (BEY),Lebanon,0,0, Damaged beyond repair,-,Boeing 707-3B4C,4,Pratt & Whitney JT3D-3B,1968,-,-, OD-AFC, 20225/757,MEA,-,-,-,-,-,-,-,-,-,-,0,0,0,0,-,-,-
19681228-01,Saturday,28-DEC-1968,21:30,C1, Standing (STD),Beirut International Airport (BEY),Lebanon,0,0, Damaged beyond repair,-,de Havilland DH-106 Comet 4C,-,-,1960,-,-, OD-ADR, 6445,MEA,-,-,-,-,-,-,-,-,-,-,0,0,0,0,-,-,-
19681228-03,Saturday,28-DEC-1968,21:30,C1, Standing (STD),Beirut International Airport (BEY),Lebanon,0,0, Damaged beyond repair,-,Douglas DC-7,-,-,1954,-,-, OD-AEI, 44141/449,Lebanese International,-,-,-,-,-,-,-,-,-,-,0,0,0,0,-,-,-
19681228-04,Saturday,28-DEC-1968,21:30,C1, Standing (STD),Beirut International Airport (BEY),Lebanon,0,0, Damaged beyond repair,-,Douglas DC-6A/B,-,-,1954,-,-, OD-AEY, 44431/509,TMA,-,-,-,-,-,-,-,-,-,-,0,0,0,0,-,-,-
19681228-05,Saturday,28-DEC-1968,21:30,C1, Standing (STD),Beirut International Airport (BEY),Lebanon,0,0, Damaged beyond repair,-,Sud Aviation SE-210 Caravelle VI-N,-,-,1963,-,-, OD-AEE, 153,MEA,-,-,-,-,-,-,-,-,-,-,0,0,0,0,-,-,-
19681228-06,Saturday,28-DEC-1968,21:30,C1, Standing (STD),Beirut International Airport (BEY),Lebanon,0,0, Damaged beyond repair,-,de Havilland DH-106 Comet 4C,-,-,1961,-,-, OD-ADQ, 6446,MEA,-,-,-,-,-,-,-,-,-,-,0,0,0,0,-,-,-
19681228-07,Saturday,28-DEC-1968,21:30,C1, Standing (STD),Beirut International Airport (BEY),Lebanon,0,0, Damaged beyond repair,-,Douglas C-54B-1-DC (DC-4),-,-,1945,-,-, OD-ADI, 10534,TMA,-,-,-,-,-,-,-,-,-,-,0,0,0,0,-,-,-
19681228-08,Saturday,28-DEC-1968,21:30,C1, Standing (STD),Beirut International Airport (BEY),Lebanon,0,0, Damaged beyond repair,-,Vickers 754D Viscount,-,-,1957,-,-, OD-ACT, 239,MEA,-,-,-,-,-,-,-,-,-,-,0,0,0,0,-,-,-
19681228-09,Saturday,28-DEC-1968,21:30,C1, Standing (STD),Beirut International Airport (BEY),Lebanon,0,0, Damaged beyond repair,-,Sud Aviation SE-210 Caravelle VI-N,-,-,1963,-,-, OD-AEF, 157,MEA,-,-,-,-,-,-,-,-,-,-,0,0,0,0,-,-,-
19681228-10,Saturday,28-DEC-1968,21:30,C1, Standing (STD),Beirut International Airport (BEY),Lebanon,0,0, Damaged beyond repair,-,Vickers VC10-1102,4,Rolls-Royce Conway 540,1965,-,-, 9G-ABP, 824,Ghana Airways,-,-,-,-,-,-,-,-,-,-,0,0,0,0,-,-,-
19681228-11,Saturday,28-DEC-1968,21:30,C1, Standing (STD),Beirut International Airport (BEY),Lebanon,0,0, Damaged beyond repair,-,Douglas DC-7,-,-,1954,-,-, OD-AEK, 44146/490,Lebanese International,-,-,-,-,-,-,-,-,-,-,0,0,0,0,-,-,-
19681228-12,Saturday,28-DEC-1968,21:30,C1, Standing (STD),Beirut International Airport (BEY),Lebanon,0,0, Damaged beyond repair,-,Convair CV-990-30A-5 Coronado,4,General Electric CJ805-23,1962,-,-, OD-AEW, 30-10-31,Lebanese International,-,-,-,-,-,-,-,-,-,-,0,0,0,0,-,-,-
19681228-13,Saturday,28-DEC-1968,21:30,C1, Standing (STD),Beirut International Airport (BEY),Lebanon,0,0, Damaged beyond repair,-,Convair CV-990-30A-5 Coronado,4,General Electric CJ805-23,1962,-,-, OD-AEX, 30-10-10,Lebanese International,-,-,-,-,-,-,-,-,-,-,0,0,0,0,-,-,-
19681228-2,Saturday,28-DEC-1968,21:30,C1, Standing (STD),Beirut International Airport (BEY),Lebanon,0,0, Damaged beyond repair,-,de Havilland DH-106 Comet 4C,-,-,1961,-,-, OD-ADS, 6448,MEA,-,-,-,-,-,-,-,-,-,-,0,0,0,0,-,-,-
19681231-0,Tuesday,31-DEC-1968,-,A1, Approach (APR),"1,6 km (1 mls) from  Hampton-Langley AFB, VA",United States of America,6,6, Damaged beyond repair,-,North American CT-39A-1-NO Sabreliner,-,-,-,-,-, 62-4502, 276-55,USAF,Military,-,-,-,-,-,Hampton-Langley AFB,LFI,KLFI,United States of America,-,-,-,-,-,-,-
19681231-1,Tuesday,31-DEC-1968,-,A2, Takeoff (TOF),Pleiku Airport (PXU),Vietnam,-,0, Substantial, Repaired,Douglas EC-47P,2,Pratt & Whitney R-1830-90,1944,-,-, 43-48702, 25963/14518,USAF,Military,-,Pleiku Airport,PXU,VVPK,Vietnam,-,-,-,-,-,-,0,0,-,-,-
19681231-2,Tuesday,31-DEC-1968,11:34,A1, En route (ENR),"45 km (28.1 mls) S of Port Hedland, WA",Australia,26,26, Destroyed, Written off (damaged beyond repair),Vickers 720C Viscount,4,Rolls-Royce Dart 505,1954,25336.0,31746.0, VH-RMQ, 45,Ansett-ANA,Domestic Scheduled Passenger,1750,Perth Airport,PER,YPPH,Australia,Port Hedland Airport,PHE,YPPD,Australia,4,22,4,22,-,-,Final
19681231-4,Tuesday,31-DEC-1968,-,A1, En route (ENR),ca 76 km E of Ciudad Vitoria,Mexico,26,26, Damaged beyond repair,-,Douglas C-47A-90-DL (DC-3),2,Pratt & Whitney R-1830-92,1944,-,-, XA-SAE, 20554,SAESA,Domestic Non Scheduled Passenger,-,Reynosa-Gen. Lucio Blanco Airport,REX,MMRX,Mexico,Tampico Airport,TAM,MMTM,Mexico,4,22,4,22,-,-,-
19681299-0,-,xx-DEC-1968,-,A1, Landing (LDG),at an unknown location,Antarctica,-,0, Damaged beyond repair,-,Lisunov Li-2T,-,-,-,-,-, CCCP-04214, 18435708,Aeroflot / Polar,Unknown,-,-,-,-,-,-,-,-,-,-,-,0,0,-,-,-
19680101-2,Monday,01-JAN-1968,23:00,A1, Landing (LDG),"Oxford-University Airport, MS (UOX)",United States of America,3,0, Damaged beyond repair,-,Martin 4-0-4,-,-,1952,-,-, N251S, 14243,Southern Airways,Ferry/positioning,-,-,-,-,-,Oxford-University Airport,UOX,KUOX,United States of America,3,0,0,0,-,-,Final
19680104-0,Thursday,04-JAN-1968,-,A1, Initial climb (ICL),Rennes,France,2,2, Damaged beyond repair,-,Morane Saulnier MS.760 Paris I,-,-,1960,-,-, 48, 48,French Navy,Military,-,Rennes-St Jacques Airport,RNS,LFRN,France,-,-,-,-,2,0,2,0,-,-,-
19680106-0,Saturday,06-JAN-1968,12:28,A1, En route (ENR),92 km (57.5 mls) from  Olyokma,Russia,45,45, Destroyed, Written off (damaged beyond repair),Antonov An-24B,-,-,1967,-,-, CCCP-47733, 69901001,Aeroflot / Yakutsk,Domestic Scheduled Passenger,-,-,-,-,-,-,-,-,-,6,39,6,39,-,-,-
19680107-0,Sunday,07-JAN-1968,-,A1, Unknown (UNK),"Lake Memphramagog, QC",Canada,-,-, Damaged beyond repair,-,de Havilland Canada DHC-3 Otter,-,-,1954,-,-, 3674, 32,Canadian Armed Forces,Military,-,-,-,-,-,-,-,-,-,-,-,-,-,-,-,-
19680108-0,Monday,08-JAN-1968,17:00,A1, En route (ENR),near Sankt Florian,Austria,4,0, Damaged beyond repair,-,Douglas C-47B-35-DK (DC-3),2,Pratt & Whitney R-1830-90C,1945,-,-, YU-ABK, 33277/16529,JAT,Cargo,-,München-Riem Airport,MUC,EDDM,Germany,Zagreb-Pleso Airport,ZAG,LDZA,Croatia,4,0,0,0,-,-,-
19680109-0,Tuesday,09-JAN-1968,16:33,A1, Landing (LDG),Beirut International Airport (BEY),Lebanon,49,0, Damaged beyond repair,-,Boeing 720-060B,4,Pratt & Whitney JT3D-3B,1962,-,15780.0, ET-AAG, 18454/319,Ethiopian Airlines,International Scheduled Passenger,ME272,Lagos/Ikeja International Airport,LOS,DNMM,Nigeria,Beirut International Airport,BEY,OLBA,Lebanon,10,39,0,0,-,-,-
19680109-1,Tuesday,09-JAN-1968,-,A1, Approach (APR),Karaganda,Kazakhstan,-,-, Damaged beyond repair,-,Ilyushin Il-18V,4,Ivchenko AI-20K,-,-,-, CCCP-75519, 183006702,Aeroflot / Northern,Unknown,-,-,-,-,-,Karaganda Airport,KGF,UAKK,Kazakhstan,-,-,-,-,-,-,-
19680109-2,Tuesday,09-JAN-1968,-,A1, Approach (APR),near Roma-Ciampino Airport (CIA),Italy,7,1, Damaged beyond repair,-,Douglas VC-47D (DC-3),-,-,1944,-,-, 43-48321, 25582/14137,USAF,Military,-,-,-,-,-,Roma-Ciampino Airport,CIA,LIRA,Italy,-,-,-,-,-,-,-
19680110-0,Wednesday,10-JAN-1968,-,A1, En route (ENR),"Copper Canyon, NV",United States of America,19,19, Damaged beyond repair,-,Douglas R5D-2 (DC-4),-,-,1944,-,-, 50850, 10427,US Navy,Military,-,Denver-Buckley Air National Guard Base,BFK,KBKF,United States of America,-,-,-,-,7,12,7,12,-,-,-
19680111-0,Thursday,11-JAN-1968,09:57,A1, En route (ENR),Phou Louang Mountain,Laos,9,9, Damaged beyond repair,-,Lockheed OP-2E Neptune,-,-,-,-,-, 131436, 426-5317,US Navy,Military,-,Nakhon Phanom RTAFB,KOP,VTUW,Thailand,-,-,-,-,9,0,9,0,-,-,-
19680112-0,Friday,12-JAN-1968,-,C1, Maneuvering (MNV),Muong Yut,Laos,-,-, Damaged beyond repair,-,Antonov An-2,-,-,-,-,-, registration unknown,-,North Vietnamese AF,Military,-,-,-,-,-,-,-,-,-,-,-,-,-,-,-,-
19680112-1,Friday,12-JAN-1968,-,C1, Maneuvering (MNV),within Laos,Laos,-,-, Damaged beyond repair,-,Antonov An-2,-,-,-,-,-, registration unknown,-,North Vietnamese AF,Military,-,-,-,-,-,-,-,-,-,-,-,-,-,-,-,-
19680115-0,Monday,15-JAN-1968,07:54,A1, En route (ENR),Zifta,Egypt,4,4, Damaged beyond repair,-,Douglas DC-3,-,-,-,-,-, SU-AJG,-,UAA,Cargo,-,Cairo International Airport,CAI,HECA,Egypt,Beirut International Airport,BEY,OLBA,Lebanon,4,0,4,0,-,-,-
19680116-0,Tuesday,16-JAN-1968,-,A1, Unknown (UNK),near Bremen Airport (BRE),Germany,-,0, Damaged beyond repair,-,Lockheed L-1329 JetStar I,4,Pratt & Whitney JT12A-6 Turbo Wasp,-,-,-, CA+102, 5035,German AF,Military,-,Köln/Bonn Airport,CGN,EDDK,Germany,Bremen Airport,BRE,EDDW,Germany,-,-,0,0,2,-,-
19680116-1,Tuesday,16-JAN-1968,-,A1, En route (ENR),near Iwakuni,Japan,12,12, Damaged beyond repair,-,Lockheed P-3A Orion,-,-,1964,-,-, 152144, 185-5114,US Navy,Military,-,-,-,-,-,-,-,-,-,12,0,12,0,-,-,-
19680117-0,Wednesday,17-JAN-1968,-,A1, Unknown (UNK),Lagos,Nigeria,-,-, Damaged beyond repair,-,Douglas C-47A-30-DK (DC-3),2,Pratt & Whitney R-1830-92,1944,-,-, 5N-AAL, 25364/13919,Nigerian AF,Military,-,-,-,-,-,-,-,-,-,-,-,-,-,-,-,-
19680117-1,Wednesday,17-JAN-1968,09:00,A1, Takeoff (TOF),"Minot AFB, ND (MIB)",United States of America,13,13, Destroyed, Written off (damaged beyond repair),Boeing KC-135A Stratotanker,4,Pratt & Whitney J57-P,1959,-,4996.0, 58-0026, 17771/241,USAF,Military,-,Minot AFB,MIB,KMIB,United States of America,Glasgow International Airport,GGW,KGGW,United States of America,7,6,7,6,-,-,-
19680120-0,Saturday,20-JAN-1968,-,A1, Landing (LDG),München-Riem Airport (MUC),Germany,38,0, Damaged beyond repair,-,Douglas DC-7B,-,-,1956,-,-, SE-ERC, 45088/723,THY,Int'l Non Scheduled Passenger,-,-,-,-,-,München-Riem Airport,MUC,EDDM,Germany,6,32,0,0,-,-,-
19680120-1,Saturday,20-JAN-1968,-,A1, Unknown (UNK),"General Carneiro, MG",Brazil,-,0, Damaged beyond repair,-,Douglas C-47A-90-DL (DC-3),2,Pratt & Whitney R-1830-92,1944,-,-, 2026, 20459,Brazilian AF,Military,-,-,-,-,-,-,-,-,-,-,-,0,0,-,-,-
19680121-0,Sunday,21-JAN-1968,-,A2, Maneuvering (MNV),"Damnoen Saduak District, Ratchaburi Province",Thailand,-,0, Substantial, Repaired,Sud Aviation SE-210 Caravelle IA,2,Rolls-Royce Avon 522A,-,-,-, HS-TGL,  30,Thai Airways,"Aerial Work (Calibration, Photo)",-,Bangkok-Don Muang International Airport,BKK,VTBD,Thailand,Bangkok-Don Muang International Airport,BKK,VTBD,Thailand,-,0,0,0,6,-,-
19680127-2,Saturday,27-JAN-1968,-,A1, Landing (LDG),near Moroni Airport (HAH),Comoros,16,15, Damaged beyond repair,-,de Havilland DH-114 Heron 1B,-,-,1954,-,-, F-OCED, 14040,Air Comores,International Scheduled Passenger,-,Dar Es Salaam International Airport,DAR,HTDA,Tanzania,Moroni-Prince Said Ibrahim In Airport,HAH,FMCH,Comoros,1,15,1,14,-,-,-
19680129-0,Monday,29-JAN-1968,-,A1, Landing (LDG),Yakutsk-Magan Airport (YKS),Russia,-,0, Damaged beyond repair,-,Antonov An-12B,4,Ivchenko AI-20M,1966,-,-, CCCP-11015, 6344006,Aeroflot / Yakutsk,Unknown,-,-,-,-,-,Yakutsk Airport,YKS,UEEE,Russia,-,-,0,0,-,-,-
19680199-0,-,xx-JAN-1968,-,A1, Approach (APR),near Port Harcourt Airport (PHC),Nigeria,5,5, Damaged beyond repair,-,Lockheed L-1049G-82-151 Super Constellation,-,-,1956,-,-, 5T-TAC, 4645,Biafran Government,Unknown,-,-,-,-,-,Port Harcourt Airport,PHC,DNPO,Nigeria,-,-,-,-,-,-,-
19680199-1,-,xx-JAN-1968,-,O1, Standing (STD),Williams Field,Antarctica,0,0, Damaged beyond repair,-,Douglas LC-117D,-,-,1945,-,-, 99853, 43339,US Navy,Military,-,-,-,-,-,-,-,-,-,0,0,0,0,-,-,-
19680206-0,Tuesday,06-FEB-1968,-,A1, En route (ENR),"80 km (50 mls) off  Phu Quoc Island, Vietnam [Gulf of Thailand]",Pacific Ocean,12,12, Damaged beyond repair,-,Lockheed P-3B Orion,-,-,1967,-,-, 153440, 185-5237,US Navy,Military,-,U-Tapao Airport,UTP,VTBU,Thailand,U-Tapao Airport,UTP,VTBU,Thailand,12,0,12,0,-,-,-
19680207-0,Wednesday,07-FEB-1968,-,A1, Landing (LDG),"Vancouver International Airport, BC (YVR)",Canada,61,1, Damaged beyond repair,-,Boeing 707-138B,4,Pratt & Whitney JT3D-,1959,-,-, N791SA, 17698/44,Canadian Pacific,International Scheduled Passenger, 322,Honolulu International Airport,HNL,PHNL,United States of America,Vancouver International Airport,YVR,CYVR,Canada,9,52,1,0,-,1,-
19680207-1,Wednesday,07-FEB-1968,-,A1, En route (ENR),Dhaka Glacier,India,102,102, Destroyed, Written off (damaged beyond repair),Antonov An-12BP,4,Ivchenko AI-20M,-,-,-, BL534, 024003,Indian AF,Military, 203,Chandigarh Airport,IXC,VICG,India,Leh Airport,IXL,VILH,India,4,98,4,98,-,-,Preliminary
19680208-0,Thursday,08-FEB-1968,17:17,A1, Unknown (UNK),"40 km (25 mls) from  Guajará Mirim, GO",Brazil,23,4, Damaged beyond repair,-,Consolidated C-10A Catalina (PBY-5A),-,-,-,-,-, 6521, 1784,Brazilian AF,Military,-,-,-,-,-,Guajara-Mirim Airport,GJM,SBGM,Brazil,-,-,0,4,-,-,-
19680209-0,Friday,09-FEB-1968,-,A1, Unknown (UNK),at an unknown location,Unknown country,-,-, Damaged beyond repair,-,Douglas C-47-DL (DC-3),2,Pratt & Whitney R-1830-92,1942,-,-, HZ-AAE, 4501,Saudi Arabian,Unknown,-,-,-,-,-,-,-,-,-,-,-,-,-,-,-,-
19680209-1,Friday,09-FEB-1968,-,H2, Standing (STD),Da Nang Airport (DAD),Vietnam,83,0, Unknown,-,Douglas DC-6,-,-,-,-,-, registration unknown,-,Pan Am,Int'l Non Scheduled Passenger,-,Da Nang Airport,DAD,VVDN,Vietnam,Hong Kong-Kai Tak International Airport,HKG,VHHH,Hong Kong,-,-,0,0,-,-,-
19680210-0,Saturday,10-FEB-1968,-,C1, Landing (LDG),Khe Sanh,Vietnam,11,8, Destroyed, Written off (damaged beyond repair),Lockheed KC-130F Hercules,-,-,1962,-,-, 149813, 3719,USMC,Military,-,Da Nang Airport,DAD,VVDN,Vietnam,-,-,-,-,6,5,3,5,-,-,-
19680210-1,Saturday,10-FEB-1968,-,A1, Landing (LDG),Grik,Malaysia,-,0, Damaged beyond repair,-,Scottish Aviation Twin Pioneer CC.1,2,Alvis Leonides 514,1959,-,-, XM963, 560,RAF,Military,-,-,-,-,-,-,-,-,-,-,-,0,0,-,-,-
19680212-0,Monday,12-FEB-1968,14:27,A1, En route (ENR),30 km (18.8 mls) from  Nekrasovka,Kazakhstan,6,0, Damaged beyond repair,-,Antonov An-2,-,-,1961,8820.0,4093.0, CCCP-28946, 1G09-06,Aeroflot / Kazakstan,Domestic Scheduled Passenger,-,-,-,-,-,-,-,-,-,2,4,0,0,-,-,-
19680214-0,Wednesday,14-FEB-1968,-,C1, Unknown (UNK),8 km (5 mls) S of Phan Rang Air Base (PHA),Vietnam,8,8, Damaged beyond repair,-,Douglas AC-47D Spooky,2,Pratt & Whitney R-1830-90,1945,-,-, 43-49859, 27120/15675,USAF,Military,-,Phan Rang Air Base,PHA,VVPR,Vietnam,Phan Rang Air Base,PHA,VVPR,Vietnam,8,0,8,0,-,-,-
19680216-1,Friday,16-FEB-1968,21:20,A1, Approach (APR),11 km (6.9 mls) NW of Taipei,Taiwan,63,21, Damaged beyond repair,-,Boeing 727-92C,3,Pratt & Whitney JT8D-9,1966,-,-, B-1018, 19175/339,Civil Air Transport,International Scheduled Passenger, 010,Hong Kong-Kai Tak International Airport,HKG,VHHH,Hong Kong,Taipei-Songshan Airport,TSA,RCSS,Taiwan,11,52,3,18,-,1,-
19680217-0,Saturday,17-FEB-1968,-,C1, En route (ENR),"Muang Phine, Laos",Laos,8,8, Damaged beyond repair,-,Lockheed OP-2E Neptune,-,-,-,-,-, 131486, 426-5367,US Navy,Military,-,Nakhon Phanom RTAFB,KOP,VTUW,Thailand,-,-,-,-,8,0,8,0,-,-,-
19680218-0,Sunday,18-FEB-1968,-,C1, Standing (STD),Saigon-Tan Son Nhut Airport (SGN),Vietnam,0,0, Damaged beyond repair,-,Lockheed C-130B Hercules,4,Allison T56-A-7,1960,-,-, 58-0743, 3540,USAF,Military,-,-,-,-,-,-,-,-,-,0,0,0,0,-,-,-
19680218-1,Sunday,18-FEB-1968,-,A1, Takeoff (TOF),Saigon-Tan Son Nhat International Airport (SGN),Vietnam,3,0, Damaged beyond repair,-,Douglas C-47D,-,-,1944,-,-, 43-48471, 25732/14287,USAF,Military,-,Saigon-Tan Son Nhat International Airport,SGN,VVTS,Vietnam,-,-,-,-,3,0,0,0,-,-,-
19680218-2,Sunday,18-FEB-1968,-,C1, Standing (STD),Saigon-Tan Son Nhat Airport (SGN),Vietnam,-,-, Damaged beyond repair,-,Douglas C-47D (DC-3),-,-,1945,-,-, 44-76643, 32975/16227,Vietnam Air Force - VNAF,Military,-,-,-,-,-,-,-,-,-,-,-,-,-,-,-,-
19680219-0,Monday,19-FEB-1968,-,A1, Landing (LDG),Baghdad,Iraq,2,2, Damaged beyond repair,-,unknown,-,-,-,-,-, registration unknown,-,Aeroflot,Unknown,-,-,-,-,-,-,-,-,-,2,0,2,0,-,-,-
19680221-0,Wednesday,21-FEB-1968,-,H2, En route (ENR),Havana-José Martí International Airport (HAV),Cuba,109,0, None,-,McDonnell Douglas DC-8,-,-,-,-,-, registration unknown,-,Delta Air Lines,Domestic Scheduled Passenger,DL843,Tampa International Airport,TPA,KTPA,United States of America,Palm Beach-Palm Beach County Airport,LNA,KLNA,United States of America,7,102,0,0,-,-,-
19680224-0,Saturday,24-FEB-1968,-,A1, Takeoff (TOF),Donetsk Airport (DOK),Ukraine,-,0, Damaged beyond repair,-,Ilyushin Il-18V,4,Ivchenko AI-20K,-,-,-, CCCP-75560, 184007704,Soviet Government,Unknown,-,Donetsk Airport,DOK,UKCC,Ukraine,-,-,-,-,-,-,0,0,-,-,-
19680224-1,Saturday,24-FEB-1968,-,A1, En route (ENR),near Ban Napa,Laos,37,37, Damaged beyond repair,-,Douglas DC-3,-,-,-,-,-, XW-TAD,-,Royal Air Lao,Domestic Scheduled Passenger,-,Vientiane-Wattay Airport,VTE,VLVT,Laos,Sayaboury Airport,ZBY,VLSB,Laos,3,34,3,34,-,-,-
19680227-0,Tuesday,27-FEB-1968,-,C1, En route (ENR),within Laos,Laos,10,2, Damaged beyond repair,-,Lockheed OP-2E Neptune,-,-,-,-,-, 131484, 426-5365,US Navy,Military,-,Nakhon Phanom RTAFB,KOP,VTUW,Thailand,-,-,-,-,10,0,2,0,-,-,-
19680229-0,Thursday,29-FEB-1968,13:45,A1, Initial climb (ICL),"near Statesville Municipal Airport, NC (SVH)",United States of America,4,0, Damaged beyond repair,-,Douglas C-47A-85-DL (DC-3),2,Pratt & Whitney R-1830-92,1944,-,-, N525W, 20054,Millers Aviation,Cargo,-,Statesville Municipal Airport,SVH,KSVH,United States of America,-,-,-,-,2,2,0,0,-,-,Final
19680229-1,Thursday,29-FEB-1968,22:43,A1, En route (ENR),"13 km (8.1 mls) NW of Parchum, Chunsky district, Irkutsk region",Russia,84,83, Destroyed, Written off (damaged beyond repair),Ilyushin Il-18D,-,-,1967,89.0,328.0, CCCP-74252, 187010601,Aeroflot / Far East,Domestic Scheduled Passenger,  15,Krasnoyarsk Airport,KJA,UNKL,Russia,Petropavlovsk-Kamchatsky Airport,PKC,UHPP,Russia,9,75,9,74,-,-,-
19680229-2,Thursday,29-FEB-1968,-,C1, Takeoff (TOF),Song Ba,Vietnam,10,0, Damaged beyond repair,-,Lockheed C-130E Hercules,-,-,1964,-,-, 64-0522, 4006,USAF,Military,-,-,-,-,-,-,-,-,-,5,5,0,0,-,-,-
19680301-0,Friday,01-MAR-1968,-,C1, Takeoff (TOF),Khe Sanh,Vietnam,10,0, Damaged beyond repair,-,Fairchild C-123K Provider,-,-,-,-,-, 54-0694, 20143,USAF,Military,-,-,-,-,-,-,-,-,-,4,6,0,0,-,-,-
19680302-0,Saturday,02-MAR-1968,-,A1, Landing (LDG),Hue-Phu Bai Airport (HUI),Vietnam,11,6, Damaged beyond repair,-,Lockheed C-130A Hercules,-,-,1958,-,-, 56-0549, 3157,USAF,Military,-,-,-,-,-,Hue-Phu Bai Airport,HUI,VVPB,Vietnam,5,6,0,6,-,-,-
19680303-0,Sunday,03-MAR-1968,-,A1, Landing (LDG),Cam Ranh Bay,Vietnam,6,0, Damaged beyond repair,-,Lockheed C-130E Hercules,-,-,1963,-,-, 62-1814, 3776,USAF,Military,-,-,-,-,-,-,-,-,-,6,0,0,0,-,-,-
19680305-0,Tuesday,05-MAR-1968,-,H2, En route (ENR),Santiago-Antonio Maceo Airport (SCU),Cuba,32,0, None,-,Douglas C-54A-15-DC (DC-4),-,-,1944,-,-, HK-136, 10407,Avianca,Domestic Scheduled Passenger,-,Valledupar Airport,VUP,SKVP,Colombia,Barranquilla-Soledad Airport,BAQ,SKBQ,Colombia,4,28,0,0,-,-,-
19680305-1,Tuesday,05-MAR-1968,20:32,A1, Approach (APR),"27,5 km (17.2 mls) SSW of Pointe-à-Pitre",Guadeloupe,63,63, Destroyed, Written off (damaged beyond repair),Boeing 707-328C,4,Pratt & Whitney JT3D-3B,1968,-,46.0, F-BLCJ, 19724/667,Air France,International Scheduled Passenger,AF212,Caracas-Simón Bolívar International Airport,CCS,SVMI,Venezuela,Pointe-à-Pitre-Le Raizet Airport,PTP,TFFR,Guadeloupe,11,52,11,52,-,-,Final
19680306-1,Wednesday,06-MAR-1968,-,C1, Approach (APR),"1,6 km (1 mls) S of Khe Sanh",Vietnam,49,49, Destroyed, Written off (damaged beyond repair),Fairchild C-123K Provider,-,-,-,-,-, 54-0590, 20039,Vietnam Air Force - VNAF,Military,-,Hue-Phu Bai Airport,HUI,VVPB,Vietnam,-,-,-,-,5,44,5,44,-,-,-
19680306-2,Wednesday,06-MAR-1968,-,O1, Standing (STD),"Honolulu-Hickam AFB, HI (HIK)",United States of America,-,-, Damaged beyond repair,-,Douglas C-124C Globemaster II,4,Pratt & Whitney R-4360-20WA,-,-,-, 51-5198, 43608,USAF,Military,-,-,-,-,-,-,-,-,-,-,-,-,-,-,-,-
19680307-0,Thursday,07-MAR-1968,10:21,A1, Takeoff (TOF),Volgograd Airport (VOG),Russia,49,1, Damaged beyond repair,-,Tupolev Tu-124,-,-,1962,-,-, CCCP-45019, 2350504,Aeroflot / North Kavkaz,Domestic Scheduled Passenger,3153,Volgograd Airport,VOG,URWW,Russia,Rostov Airport,ROV,URRR,Russia,5,44,1,0,-,-,-
19680307-1,Thursday,07-MAR-1968,-,C1, Standing (STD),Khe Sanh,Vietnam,0,0, Damaged beyond repair,-,Fairchild C-123K Provider,-,-,-,-,-, 54-0594, 20043,USAF,Military,-,-,-,-,-,-,-,-,-,0,0,0,0,-,-,-
19680308-0,Friday,08-MAR-1968,19:18,A1, En route (ENR),ca 2 km N off Ibajay,Philippines,14,14, Destroyed, Written off (damaged beyond repair),Fairchild F-27,-,-,1958,-,21194.0, PI-C871,  19,Air Manila Int.,Domestic Scheduled Passenger, 507,Manila International Airport,MNL,RPLL,Philippines,Mactan Island-Chicago Naval Air Base,NOP,RPVM,Philippines,4,10,4,10,-,-,Final
19680309-0,Saturday,09-MAR-1968,11:20,A1, En route (ENR),Mount Getantag,Armenia,5,5, Damaged beyond repair,-,Ilyushin Il-14,-,-,1957,-,13442.0, CCCP-41840, 147001504,Aeroflot / Georgia,Cargo,-,Tbilisi Airport,TBS,UGGG,Georgia,Yerevan Airport,EVN,UDYZ,Armenia,5,0,5,0,-,-,-
19680309-1,Saturday,09-MAR-1968,23:17,A1, En route (ENR),near Saint Denis,Reunion,17,16, Destroyed, Written off (damaged beyond repair),Douglas DC-6B,4,Pratt & Whitney R-2800,1953,-,-, 43748, 43748/314,French AF,Military,-,Saint-Denis-Gillot Airport,RUN,FMEE,Reunion,Djibouti Airport,JIB,HDAM,Djibouti,9,8,9,7,-,-,-
19680311-0,Monday,11-MAR-1968,-,C1, En route (ENR),Ben Het Special Forces Camp,Vietnam,6,0, Damaged beyond repair,-,Douglas EC-47P,2,Pratt & Whitney R-1830-90,1945,-,-, 44-77016, 33348/16600,USAF,Military,-,Nha Trang Airport,NHA,VVNT,Vietnam,Nha Trang Airport,NHA,VVNT,Vietnam,6,0,0,0,-,-,-
19680311-2,Monday,11-MAR-1968,-,C1, Approach (APR),near Mueda Airport (MUD),Mozambique,-,3, Damaged beyond repair,-,Douglas C-47A-20-DK (DC-3),2,Pratt & Whitney R-1830-92,1942,-,-, 6167, 13018,Portuguese AF,Military,-,-,-,-,-,Mueda Airport,MUD,FQMD,Mozambique,-,-,-,-,-,-,-
19680312-0,Tuesday,12-MAR-1968,-,H2, En route (ENR),Havana-José Martí International Airport (HAV),Cuba,58,0, None,-,McDonnell Douglas DC-8,-,-,-,-,-, registration unknown,-,National Airlines,Domestic Scheduled Passenger,  28,Tampa International Airport,TPA,KTPA,United States of America,Miami International Airport,MIA,KMIA,United States of America,-,-,0,0,-,-,-
19680312-1,Tuesday,12-MAR-1968,-,C1, Standing (STD),Binh Thuy Air Base (VCA),Vietnam,0,0, Damaged beyond repair,-,Douglas AC-47D Spooky,-,-,1944,-,-, 43-49330, 26591/15146,USAF,Military,-,-,-,-,-,-,-,-,-,0,0,0,0,-,-,-
19680313-0,Wednesday,13-MAR-1968,07:42,A1, Approach (APR),"Parkersburg-Wood County Airport, WV (PKB)",United States of America,6,6, Damaged beyond repair,-,Dassault Falcon 20C,-,-,1966,-,-, N1846, 47,M Air,Executive,-,-,-,-,-,Parkersburg-Wood County Airport,PKB,KPKB,United States of America,2,4,2,4,-,-,Final
19680316-0,Saturday,16-MAR-1968,-,A1, En route (ENR),ca 38 km E of Tacna,Peru,4,4, Damaged beyond repair,-,Douglas C-47A-35-DL (DC-3),-,-,1943,-,-, PP-AST, 9659,Sadia,Cargo,-,Guayaquil-Simon Bolivar Airport,GYE,SEGU,Ecuador,Arica-Chacalluta Airport,ARI,SCAR,Chile,4,0,4,0,-,-,-
19680320-0,Wednesday,20-MAR-1968,20:07,A1, Approach (APR),"Evansville, IN",United States of America,42,0, Damaged beyond repair,-,Convair CV-340-38,-,-,1954,-,-, N4820C, 152,Delta Air Lines,Domestic Scheduled Passenger,-,-,-,-,-,Evansville-Dress Regional Airport,EVV,KEVV,United States of America,3,39,0,0,-,-,Final
19680321-0,Thursday,21-MAR-1968,03:53,A1, Takeoff (TOF),"Chicago-O'Hare International Airport, IL (ORD)",United States of America,3,0, Damaged beyond repair,-,Boeing 727-22C,3,Pratt & Whitney JT8D-1,1967,-,2208.0, N7425U, 19200/416,United Airlines,Cargo,UA9963,Chicago-O'Hare International Airport,ORD,KORD,United States of America,San Francisco International Airport,SFO,KSFO,United States of America,3,0,0,0,-,-,Final
19680321-1,Thursday,21-MAR-1968,-,H2, En route (ENR),Santiago Airport (SCU),Cuba,50,0, Unknown,-,Convair CV-440,-,-,-,-,-, registration unknown,-,AVENSA,Domestic Scheduled Passenger,-,Caracas Airport,CCS,SVMI,Venezuela,Maracaibo-Grano de Oro Airport,ORO,SVMO,Venezuela,3,47,0,0,-,-,-
19680322-0,Friday,22-MAR-1968,-,A1, Landing (LDG),Gia Nghia,Vietnam,-,0, Damaged beyond repair,-,Douglas C-47A-25-DK (DC-3),2,Pratt & Whitney R-1830-92,1944,-,-, 607, 13537,Air America,Military,-,-,-,-,-,-,-,-,-,-,-,0,0,-,-,-
19680324-0,Sunday,24-MAR-1968,10:58,A1, En route (ENR),"3,1 km (1.9 mls) NE off  Tuskar Rock",Ireland,61,61, Destroyed, Written off (damaged beyond repair),Vickers 803 Viscount,4,Rolls-Royce Dart 510A,1957,16923.0,18806.0, EI-AOM, 178,Aer Lingus,International Scheduled Passenger,EI712,Cork Airport,ORK,EICK,Ireland,London-Heathrow Airport,LHR,EGLL,United Kingdom,4,57,4,57,-,-,Final
19680324-1,Sunday,24-MAR-1968,-,C1, En route (ENR),Nakhon Phanom Airport (KOP),Thailand,5,0, Damaged beyond repair,-,Fairchild C-123K Provider,-,-,-,-,14847.0, 40589, 20038,Thai AF,Military,-,Nakhon Phanom Airport,KOP,VTUW,Thailand,Nakhon Phanom Airport,KOP,VTUW,Thailand,5,0,0,0,-,-,Preliminary
19680326-0,Tuesday,26-MAR-1968,08:05,A1, Maneuvering (MNV),near Waewaepa Range,New Zealand,1,1, Damaged beyond repair,-,Lockheed 18-56-23 Lodestar,2,Wright R-1820,1943,-,7364.0, ZK-CMX, 18-2595,Airland (NZ),Agricultural,-,-,-,-,-,-,-,-,-,1,0,1,0,-,-,Final
19680327-0,Wednesday,27-MAR-1968,-,U1, Unknown (UNK),at an unknown location,Brazil,-,-, Damaged beyond repair,-,Douglas C-47A-1-DL (DC-3),2,Pratt & Whitney R-1830-92,1943,-,-, PP-BTX, 9203,Paraense Transportes Aéreos,Unknown,-,-,-,-,-,-,-,-,-,-,-,-,-,-,-,-
19680327-1,Wednesday,27-MAR-1968,17:57,A2, Approach (APR),"2,4 km (1.5 mls) N of Saint Louis-Lambert International Airport, MO (STL)",United States of America,49,0, Substantial, Repaired,Douglas DC-9-15,2,Pratt & Whitney JT8D-7B,1966,-,5172.0, N970Z, 45772/30,Ozark Air Lines,Domestic Scheduled Passenger, 965,Peoria-Greater Peoria Airport,PIA,KPIA,United States of America,Saint Louis-Lambert International Airport,STL,KSTL,United States of America,5,44,0,0,2,-,Final
19680328-1,Thursday,28-MAR-1968,-,A1, Unknown (UNK),near Rossfjordstraumen,Norway,5,0, Damaged beyond repair,-,de Havilland Canada DHC-3 Otter,-,-,1954,-,-, LN-FAE,  18,Widerøes Flyveselskap,Unknown,-,-,-,-,-,-,-,-,-,-,-,0,0,-,-,-
19680330-0,Saturday,30-MAR-1968,-,A1, Initial climb (ICL),Panama City,Panama,3,3, Damaged beyond repair,-,Lockheed L-1049G Super Constellation,-,-,1957,-,-, HP-467, 4678,RAPSA,Cargo,-,-,-,-,-,-,-,-,-,3,0,3,0,-,-,-
19680331-0,Sunday,31-MAR-1968,-,A1, Landing (LDG),Phan Rang Air Base (PHA),Vietnam,4,0, Damaged beyond repair,-,Fairchild C-123K Provider,-,-,-,-,-, 54-0653, 20102,USAF,Military,-,Phan Rang Air Base,PHA,VVPR,Vietnam,-,-,-,-,4,0,0,0,-,-,-
19680401-0,Monday,01-APR-1968,-,C1, En route (ENR),off Dao Phu Quoc Island,Vietnam,12,12, Damaged beyond repair,-,Lockheed P-3B Orion,-,-,1967,-,-, 153445, 185-5241,US Navy,Military,-,U-Tapao Airport,UTP,VTBU,Thailand,U-Tapao Airport,UTP,VTBU,Thailand,12,0,12,0,-,-,-
19680401-1,Monday,01-APR-1968,-,A1, Landing (LDG),Ballykelly RAF Station,United Kingdom,-,0, Damaged beyond repair,-,Avro Shackleton MR.2,4,Rolls-Royce Griffon 57,1953,-,-, WR956,-,RAF,Military,-,-,-,-,-,-,-,-,-,-,-,0,0,-,-,-
19680403-0,Wednesday,03-APR-1968,-,A1, Landing (LDG),Sangley Point NAS (NSP),Philippines,-,-, Damaged beyond repair,-,Lockheed P-2H Neptune,-,-,-,-,-, 145900, 726-7162,US Navy,Military,-,-,-,-,-,Sangley Point NAS,NSP,RPLS,Philippines,-,-,-,-,-,-,-
19680404-0,Thursday,04-APR-1968,-,U1, Unknown (UNK),at an unknown location,Unknown country,-,-, Damaged beyond repair,-,Douglas C-47 (DC-3),-,-,-,-,-, IJ304,-,Indian AF,Military,-,-,-,-,-,-,-,-,-,-,-,-,-,-,-,-
19680405-0,Friday,05-APR-1968,03:10,A1, En route (ENR),320 km (200 mls) E off  Okinawa [China Sea],Pacific Ocean,12,8, Damaged beyond repair,-,Lockheed P-3A Orion,-,-,1963,-,-, 151350, 185-5063,US Navy,Military,-,-,-,-,-,-,-,-,-,12,0,8,0,-,-,-
19680405-1,Friday,05-APR-1968,-,A2, Takeoff (TOF),Pune-Lohegaon Airport (PNQ),India,22,0, Substantial,-,Douglas DC-3,-,-,1944,-,-, VT-CML, 19868,Indian Airlines,Domestic Scheduled Passenger,-,Pune-Lohegaon Airport,PNQ,VAPO,India,-,-,-,-,4,18,0,0,-,-,Final
19680408-0,Monday,08-APR-1968,15:35,A1, Initial climb (ICL),London-Heathrow Airport (LHR),United Kingdom,127,5, Damaged beyond repair,-,Boeing 707-465,4,Rolls-Royce Conway 508,1962,-,20870.0, G-ARWE, 18373/302,BOAC,International Scheduled Passenger, 712,London-Heathrow Airport,LHR,EGLL,United Kingdom,Zürich-Kloten Airport,ZRH,LSZH,Switzerland,11,116,1,4,-,-,Final
19680408-1,Monday,08-APR-1968,-,A1, Approach (APR),24 km (15 mls) NNW of Coyhaique,Chile,36,36, Damaged beyond repair,-,Douglas C-49K (DC-3),-,-,1942,-,-, CC-CBM, 6330,LADECO,Domestic Scheduled Passenger, 213,Santiago-Los Cerrillos Airport,ULC,SCTI,Chile,Coyhaique-Ten. Vidal Airport,GXQ,SCCY,Chile,3,33,3,33,-,-,-
19680410-0,Wednesday,10-APR-1968,-,O1, Standing (STD),Wellington International Airport (WLG),New Zealand,0,0, Damaged beyond repair,-,Bristol 170 Freighter 31E,2,Bristol Hercules 734,-,-,-, ZK-CPU, 13125,SAFE Air,-,-,-,-,-,-,-,-,-,-,0,0,0,0,-,-,-
19680410-1,Wednesday,10-APR-1968,-,A1, En route (ENR),near Villa del Carbon,Mexico,18,18, Damaged beyond repair,-,Douglas R4D-3 (DC-3),-,-,1942,-,-, XA-GEV, 7339,Aerovias Rojas,Domestic Scheduled Passenger,-,Aguascalientes Airport,AGU,MMAS,Mexico,Mexico City International Airport,MEX,MMMX,Mexico,4,14,4,14,-,-,-
19680410-2,Wednesday,10-APR-1968,-,A1, Landing (LDG),Kaliningrad Airport (KGD),Russia,-,3, Damaged beyond repair,-,Antonov An-12B,-,-,-,-,-, registration unknown,-,Soviet AF,Military,-,-,-,-,-,Kaliningrad-Khrabrovo Airport,KGD,UMKK,Russia,-,-,3,0,-,-,-
19680411-0,Thursday,11-APR-1968,-,O1, Standing (STD),Ndola Airport (NLA),Zambia,0,0, Destroyed, Written off (damaged beyond repair),Lockheed L-100 Hercules,4,Allison 501-D22,1966,-,4704.0, 9J-RBX, 4137,Zambian Air Cargoes,-,-,-,-,-,-,-,-,-,-,0,0,0,0,-,-,-
19680411-1,Thursday,11-APR-1968,-,A1, Standing (STD),Ndola Airport (NLA),Zambia,4,0, Destroyed, Written off (damaged beyond repair),Lockheed L-100 Hercules,4,Allison 501-D22,1966,-,2339.0, 9J-RCY, 4109,Zambian Air Cargoes,Cargo,-,Lusaka Airport,LUN,FLLS,Zambia,Ndola Airport,NLA,FLND,Zambia,4,0,0,0,-,-,-
19680411-2,Thursday,11-APR-1968,-,A1, Landing (LDG),"Moffett Field NAS, CA (NUQ)",United States of America,-,0, Damaged beyond repair,-,Lockheed P-3B Orion,-,-,1968,-,-, A9-296, 185-5406,RAAF,Military,-,-,-,-,-,Mountain View-Moffett Field,NUQ,KNUQ,United States of America,-,-,0,0,-,-,-
19680413-0,Saturday,13-APR-1968,-,A1, Landing (LDG),Khe Sanh,Vietnam,8,1, Damaged beyond repair,-,Lockheed C-130B Hercules,4,Allison T56-A-7,1962,-,-, 61-0967, 3654,USAF,Military,-,-,-,-,-,-,-,-,-,7,1,0,1,-,-,-
19680416-0,Tuesday,16-APR-1968,-,A1, Landing (LDG),80 km (50 mls) N of Bien Hoa,Vietnam,5,0, Damaged beyond repair,-,Lockheed C-130A Hercules,-,-,1957,-,-, 56-0480, 3088,USAF,Military,-,-,-,-,-,-,-,-,-,5,0,0,0,-,-,-
19680416-1,Tuesday,16-APR-1968,09:00,A1, En route (ENR),"46 km (28.8 mls) NW of Panama City, FL",United States of America,4,4, Damaged beyond repair,-,Fairchild C-123K Provider,-,-,-,-,-, 54-0602, 20051,USAF,Military,-,-,-,-,-,-,-,-,-,4,0,4,0,-,-,Final
19680419-0,Friday,19-APR-1968,-,A1, Takeoff (TOF),Trinidad Airport (TDD),Bolivia,-,0, Damaged beyond repair,-,Douglas VC-47D (DC-3),2,Pratt & Whitney R-1830-90,1945,-,-, CP-734, 34311/17045,LAB,Domestic Scheduled Passenger,-,Trinidad Airport,TDD,SLTR,Bolivia,La Paz-El Alto Airport,LPB,SLLP,Bolivia,-,-,0,0,-,-,-
19680419-1,Friday,19-APR-1968,10:30,A1, En route (ENR),"Glenmanuilt Hill, Mull of Kintyre",United Kingdom,11,11, Damaged beyond repair,-,Avro Shackleton MR.2,4,Rolls-Royce Griffon 57,1952,-,-, WB833,-,RAF,Military,-,-,-,-,-,-,-,-,-,11,0,11,0,-,-,-
19680420-0,Saturday,20-APR-1968,20:50,A1, Initial climb (ICL),5 km (3.1 mls) E of Windhoek-Strijdom International Airport (WDH),Namibia,128,123, Destroyed, Written off (damaged beyond repair),Boeing 707-344C,4,Pratt & Whitney JT3D-7,1968,-,238.0, ZS-EUW, 19705/675,South African Airways,International Scheduled Passenger,SA228,Windhoek-Strijdom International Airport,WDH,FYWE,Namibia,Luanda-4 de Fevereiro Airport,LAD,FNLU,Angola,12,116,12,111,-,-,Final
19680422-0,Monday,22-APR-1968,-,A1, Unknown (UNK),near Moskva-Domodedovo,Russia,5,5, Damaged beyond repair,-,Ilyushin Il-18V,4,Ivchenko AI-20K,-,-,-, CCCP-75526, 183006804,Aeroflot / Moscow,Training,-,Moskva-Domodedovo Airport,DME,UUDD,Russia,Moskva-Domodedovo Airport,DME,UUDD,Russia,5,0,5,0,-,-,-
19680423-0,Tuesday,23-APR-1968,-,C1, Standing (STD),Vung Tau Airport (VTG),Vietnam,0,0, Damaged beyond repair,-,de Havilland Canada C-7A Caribou (DHC-4),-,-,-,-,-, 61-2399, 59,USAF,Military,-,-,-,-,-,-,-,-,-,0,0,0,0,-,-,-
19680424-0,Wednesday,24-APR-1968,-,O1, Standing (STD),Szolnok Air Base,Hungary,-,0, Damaged beyond repair,-,Lisunov Li-2P,-,-,-,-,-, HA-LIO, 18439505,Hungarian Defense Association,Military,-,-,-,-,-,-,-,-,-,-,-,0,0,-,-,-
